domain,n_vars,vts_std_mse,aurora_std_mse_mean,aurora_std_mse_std,delta_std_mse,vts_std_mae,aurora_std_mae_mean,aurora_std_mae_std,delta_std_mae,improve_mse,improve_mae
CropsAndStaples,11,1.223960293964295e+00,1.462971988878232e+00,2.142851024747816e-03,2.390116949139371e-01,7.093298858672580e-01,8.439575519500847e-01,1.281677570012073e-03,1.346276660828267e-01,0,0
Currency,10,1.124216395080196e+00,1.309726342008414e+00,2.310150114827428e-03,1.855099469282178e-01,7.141948535609017e-01,8.195459234366833e-01,1.215609866360978e-03,1.053510698757816e-01,0,0
EnergyAndFuels,10,1.498043950507219e+00,1.762293717379392e+00,5.866260472141673e-03,2.642497668721731e-01,7.704148583126648e-01,8.710771960923189e-01,1.431612275903606e-04,1.006623377796542e-01,0,0
LivestockAndFoodProducts,10,1.291078563208364e+00,1.516971892730830e+00,4.066362574886711e-03,2.258933295224659e-01,7.189313683547275e-01,8.629015577504928e-01,5.943935831029406e-04,1.439701893957653e-01,0,0
RawMaterialsAndConstruction,10,1.215918010648612e+00,1.472356084952971e+00,1.859499825542398e-03,2.564380743043595e-01,7.566606586171086e-01,8.668391064357349e-01,1.200187284850731e-03,1.101784478186263e-01,0,0
SpecialtyAndAdvancedMaterials,8,2.952635888864293e+00,3.307706195201619e+00,2.248315364783720e-03,3.550703063373266e-01,6.145027858582339e-01,8.039076982034854e-01,3.061103199939733e-04,1.894049123452515e-01,0,0
StrategicAndHighValueMaterials,10,9.884353504542858e+00,8.022373429786068e+00,6.042338103392553e-02,-1.861980074756790e+00,8.155680540788808e-01,9.941897216910854e-01,6.060261785427882e-04,1.786216676122047e-01,1,0
arts,10,2.087603630073677e+00,2.266749103638237e+00,1.881160169544220e-03,1.791454735645592e-01,8.344407270973822e-01,9.130102401906314e-01,1.187040550258502e-03,7.856951309324922e-02,0,0
climate,10,2.329152112951205e+00,2.807550950532717e+00,5.776378037234535e-03,4.783988375815120e-01,8.142670503322250e-01,9.597443365212417e-01,1.190323059062426e-03,1.454772861890167e-01,0,0
economy,10,1.655928109551616e+00,2.014569484943951e+00,1.096790981614585e-03,3.586413753923354e-01,8.637395038175744e-01,9.594792119593256e-01,4.141561159602628e-04,9.573970814175126e-02,0,0
electronic_technology,10,1.381780830486182e+01,1.500258041129237e+01,1.216688817764617e-02,1.184772106430554e+00,1.253648353253649e+00,1.404474243744176e+00,1.968037048446190e-03,1.508258904905273e-01,0,0
finance,10,3.614412461838422e+00,4.355358218555769e+00,8.303679181618151e-03,7.409457567173465e-01,1.103004414278254e+00,1.273286547031525e+00,2.407932732833134e-03,1.702821327532706e-01,0,0
pets,10,2.163913675541411e+00,2.722332864042885e+00,4.766115944795245e-03,5.584191885014733e-01,8.999383872369441e-01,1.019827366987538e+00,1.225611575866439e-03,1.198889797505936e-01,0,0
public_health,10,1.766582432936599e+00,2.081422007782921e+00,5.474654869135402e-03,3.148395748463224e-01,8.039333744435668e-01,9.210713189248180e-01,1.027110103158801e-03,1.171379444812511e-01,0,0
public_policy,11,2.096599037967080e+01,2.149872081968403e+01,1.117399416388887e-02,5.327304400132284e-01,1.121904376741080e+00,1.204123674746248e+00,7.426811965793858e-04,8.221929800516836e-02,0,0
science,10,5.445912024590849e+00,5.967877571786651e+00,3.271616685506630e-03,5.219655471958022e-01,9.734081457687763e-01,1.064164962849672e+00,1.253785130367651e-03,9.075681708089578e-02,0,0
shopping,10,8.217057369631128e-01,1.439243564025373e+00,8.527593106464946e-04,6.175378270622606e-01,4.956772656247186e-01,6.874903248243983e-01,8.309481677252248e-04,1.918130591996797e-01,0,0
society,10,2.764257528820505e+00,3.346836638527797e+00,2.089625993723857e-03,5.825791097072917e-01,9.460418767654326e-01,1.115566004152143e+00,4.931479878978261e-04,1.695241273867101e-01,0,0
traffic,10,3.410198092382743e+00,3.886292119628427e+00,1.005462110461316e-02,4.760940272456846e-01,1.054596715207723e+00,1.129665030154871e+00,9.623693570219491e-04,7.506831494714805e-02,0,0
平均值（19 域等权）,19,4.212298478789400e+00,4.539154389756772e+00,4.103788322002707e-03,3.268559109673719e-01,8.560106660640580e-01,9.849643167182355e-01,2.688787973844968e-04,1.289536506541775e-01,0,0
