var_key,domain,n,vts_std_mse,vts_std_mae,aurora_std_mse_mean,aurora_std_mae_mean,delta_std_mse,delta_std_mae,aurora_raw_mse_mean,aurora_raw_mae_mean
CropsAndStaples__barley_inr_t_96_12_12_10events,CropsAndStaples,51,1.717306536090279e+00,5.689235096461347e-01,1.486506735985244e+00,7.389120087744093e-01,-2.307998001050353e-01,1.699884991282746e-01,4.360102333463115e+03,4.923002151057091e+01
CropsAndStaples__canola_cad_t_96_12_12_10events,CropsAndStaples,61,9.232009708031148e-01,7.230911452900496e-01,1.199471406213993e+00,8.658161333198070e-01,2.762704354108783e-01,1.427249880297574e-01,1.164704193041536e+03,2.727141748149712e+01
CropsAndStaples__cocoa_usd_t_96_12_12_10events,CropsAndStaples,67,8.462179753774327e-01,6.801631062865330e-01,1.367562520127845e+00,8.911683939490430e-01,5.213445447504127e-01,2.110052876625100e-01,7.440531538626179e+05,6.269586700024454e+02
CropsAndStaples__cotton_usd_lbs_96_12_12_10events,CropsAndStaples,67,1.326656105750729e+00,8.011783195985209e-01,1.295597603353569e+00,8.156733962162154e-01,-3.105850239715968e-02,1.449507661769445e-02,1.041109562438435e+01,2.200363445566661e+00
CropsAndStaples__diammonium_usd_t_96_12_12_10events,CropsAndStaples,65,1.193964081859757e+00,6.277538711962021e-01,1.583885888157629e+00,8.499225919847037e-01,3.899218062978727e-01,2.221687207885016e-01,1.000516098638132e+03,2.276480095887795e+01
CropsAndStaples__oat_usd_bu_96_12_12_10events,CropsAndStaples,66,1.375890200776142e+00,8.449165742029120e-01,1.401685767272132e+00,8.400668559634159e-01,2.579556649598991e-02,-4.849718239496092e-03,5.036971759702228e+02,1.728807856096724e+01
CropsAndStaples__potatoes_eur_100kg_96_12_12_10events,CropsAndStaples,67,1.370204896438065e+00,6.252050122920256e-01,1.842614126857617e+00,8.689303559822535e-01,4.724092304195515e-01,2.437253436902279e-01,1.686867618508414e+01,2.844462222853308e+00
CropsAndStaples__rice_usd_cwt_96_12_12_10events,CropsAndStaples,82,1.482827171630860e+00,8.474716934053681e-01,1.502910696129976e+00,8.966993287180524e-01,2.008352449911643e-02,4.922763531268426e-02,5.424356430076172e-01,5.510138202704712e-01
CropsAndStaples__sugar_usd_lbs_96_12_12_10events,CropsAndStaples,70,1.341155506274452e+00,7.751777629108404e-01,1.786107259216724e+00,9.411614207140492e-01,4.449517529422724e-01,1.659836578032088e-01,2.196745425982540e+00,1.100596142519088e+00
CropsAndStaples__urea_usd_t_96_12_12_10events,CropsAndStaples,60,9.074810252336334e-01,5.596718138705820e-01,1.600372992782894e+00,8.601957863934837e-01,6.928919675492609e-01,3.005239725229018e-01,1.276953095835840e+03,2.566286421443797e+01
CropsAndStaples__wheat_usd_bu_96_12_12_10events,CropsAndStaples,68,9.786587633727806e-01,7.490759358406693e-01,1.025976881562926e+00,7.149867994354969e-01,4.731811819014586e-02,-3.408913640517242e-02,8.505550679572207e+02,2.106045615499160e+01
Currency__usdtoaud_exchangerate_96_12_12_10events,Currency,67,1.095544861222338e+00,7.458993958194295e-01,1.062638624459497e+00,7.412402083739308e-01,-3.290623676284121e-02,-4.659187445498758e-03,5.110562908129816e-04,1.734710618695414e-02
Currency__usdtobrl_exchangerate_96_12_12_10events,Currency,68,1.232565790765605e+00,8.331581822084222e-01,1.416546903744504e+00,9.068507176051023e-01,1.839811129788986e-01,7.369253539668008e-02,1.629894039230183e-02,9.839509237003481e-02
Currency__usdtocad_exchangerate_96_12_12_10events,Currency,66,9.827159215111281e-01,7.008769156878658e-01,1.040996726231842e+00,7.911884063473047e-01,5.828080472071351e-02,9.031149065943889e-02,1.985156382373593e-04,1.135338856168468e-02
Currency__usdtochf_exchangerate_96_12_12_10events,Currency,66,1.115823029609692e+00,6.914688247171371e-01,1.200535276459052e+00,7.706295611482399e-01,8.471224684935996e-02,7.916073643110277e-02,2.396358102515528e-04,1.156564928653867e-02
Currency__usdtogbp_exchangerate_96_12_12_10events,Currency,82,8.570368642326245e-01,6.723871256285252e-01,9.767182737346051e-01,7.247744987853645e-01,1.196814095019806e-01,5.238737315683928e-02,2.311327025204806e-04,1.066987687179229e-02
Currency__usdtohkd_exchangerate_96_12_12_10events,Currency,82,1.999513079239873e+00,7.407444522803829e-01,2.220262881586758e+00,8.544921580932224e-01,2.207498023468848e-01,1.137477058128396e-01,2.097710283562960e-04,1.030780726487075e-02
Currency__usdtoinr_exchangerate_96_12_12_10events,Currency,82,6.844354314989179e-01,5.942096702633363e-01,1.364307782013849e+00,9.136749577564641e-01,6.798723505149308e-01,3.194652874931279e-01,6.823092119553031e-01,5.823261279749667e-01
Currency__usdtokrw_exchangerate_96_12_12_10events,Currency,66,9.166989565690864e-01,6.786758350273566e-01,1.253909784269665e+00,8.278509235189184e-01,3.372108277005788e-01,1.491750884915618e-01,5.566182986560318e+02,1.903394497444332e+01
Currency__usdtomxn_exchangerate_96_12_12_10events,Currency,82,1.240856259247380e+00,7.815060188772418e-01,1.285260206751755e+00,8.596804529730057e-01,4.440394750437515e-02,7.817443409576386e-02,1.960830762294757e-01,3.410058092037191e-01
Currency__usdtosgd_exchangerate_96_12_12_10events,Currency,79,1.116973756905314e+00,7.030221150993210e-01,1.276086960832610e+00,8.050773497652823e-01,1.591132039272962e-01,1.020552346659613e-01,1.979601630267220e-04,1.057762450050201e-02
EnergyAndFuels__bitumen_cny_t_96_12_12_10events,EnergyAndFuels,76,1.642920230381626e+00,8.663488999169109e-01,1.603127452882196e+00,8.508224120682586e-01,-3.979277749942955e-02,-1.552648784865229e-02,3.592928180435039e+04,1.233254760376334e+02
EnergyAndFuels__brent_usd_bbl_96_12_12_10events,EnergyAndFuels,65,1.762038376453011e+00,8.757726098131734e-01,1.752434298567698e+00,8.936606496365309e-01,-9.604077885313034e-03,1.788803982335752e-02,2.235825331202860e+01,3.253802493715857e+00
EnergyAndFuels__coal_usd_t_96_12_12_10events,EnergyAndFuels,83,1.156753769865761e+00,6.550435645955666e-01,1.734241041752349e+00,8.533581168329037e-01,5.774872718865884e-01,1.983145522373372e-01,8.878301389190784e+02,1.619140377057444e+01
EnergyAndFuels__ethanol_usd_gal_96_12_12_10events,EnergyAndFuels,66,1.152605922815484e+00,7.048303509151735e-01,1.330501956764359e+00,7.942461093168801e-01,1.778960339488751e-01,8.941575840170657e-02,1.441542155362129e-02,8.348296079743993e-02
EnergyAndFuels__gasoline_usd_gal_96_12_12_10events,EnergyAndFuels,73,1.491515825323628e+00,8.003228103694310e-01,1.537359704447073e+00,8.604292148119872e-01,4.584387912344523e-02,6.010640444255622e-02,2.190285870984616e-02,1.048607475716048e-01
EnergyAndFuels__methanol_cny_t_96_12_12_10events,EnergyAndFuels,58,1.371676543965274e+00,7.752533376894486e-01,1.355176618304734e+00,8.184965011828401e-01,-1.649992566054093e-02,4.324316349339152e-02,1.260341975884136e+04,7.729469067277579e+01
EnergyAndFuels__naphtha_usd_t_96_12_12_10events,EnergyAndFuels,62,2.247559089751253e+00,8.021804611186303e-01,2.508154436629869e+00,8.942166038338174e-01,2.605953468786155e-01,9.203614271518712e-02,1.277655724971379e+03,2.196820599893003e+01
EnergyAndFuels__propane_usd_gal_96_12_12_10events,EnergyAndFuels,66,9.403484789886142e-01,6.501763258452402e-01,1.198104634454845e+00,7.694870120989273e-01,2.577561554662305e-01,1.193106862536871e-01,2.831197644778901e-03,4.136274107836011e-02
EnergyAndFuels__rapeseed_eur_t_96_12_12_10events,EnergyAndFuels,73,9.306641633282789e-01,7.335574452777311e-01,1.217949217798721e+00,8.667509967319069e-01,2.872850544704421e-01,1.331935514541758e-01,5.154180871152713e+02,1.728907376196178e+01
EnergyAndFuels__uranium_usd_lbs_96_12_12_10events,EnergyAndFuels,49,2.284357104199257e+00,8.406627775853414e-01,3.385887812192074e+00,1.109304344409135e+00,1.101530707992817e+00,2.686415668237937e-01,5.071748286059871e+01,4.411624235512178e+00
LivestockAndFoodProducts__beef_brl_kg_96_12_12_10events,LivestockAndFoodProducts,68,1.116523784912639e+00,6.806495983404059e-01,1.412718398162156e+00,8.490021587722668e-01,2.961946132495163e-01,1.683525604318609e-01,5.366048840518278e-01,5.189201418989963e-01
LivestockAndFoodProducts__butter_eur_t_96_12_12_10events,LivestockAndFoodProducts,60,1.247672394505351e+00,6.913929834820093e-01,1.192371275905873e+00,8.008989187611705e-01,-5.530111859947828e-02,1.095059352791612e-01,1.047481689304216e+05,2.368309952799479e+02
LivestockAndFoodProducts__cheese_usd_lbs_96_12_12_10events,LivestockAndFoodProducts,61,1.927005102468489e+00,7.882332983395146e-01,2.033375660478788e+00,8.361621987448564e-01,1.063705580102989e-01,4.792890040534181e-02,1.025170930366877e-02,7.440542217831793e-02
LivestockAndFoodProducts__coffee_usd_lbs_96_12_12_10events,LivestockAndFoodProducts,66,1.316267406914883e+00,7.508355401715553e-01,1.984915020971297e+00,1.010402081601075e+00,6.686476140564135e-01,2.595665414295193e-01,6.290740239823655e+02,1.950022325657032e+01
LivestockAndFoodProducts__corn_usd_bu_96_12_12_10events,LivestockAndFoodProducts,83,1.163429862076776e+00,7.215527367165762e-01,1.296543730131116e+00,7.929638108809526e-01,1.331138680543398e-01,7.141107416437642e-02,6.970230757387354e+02,1.853421910395488e+01
LivestockAndFoodProducts__milk_usd_cwt_96_12_12_10events,LivestockAndFoodProducts,68,1.014604825154382e+00,5.726158830394585e-01,1.220539773836115e+00,7.694825517025551e-01,2.059349486817328e-01,1.968666686630965e-01,1.046588208392944e+00,7.539212654735529e-01
LivestockAndFoodProducts__poultry_brl_kgs_96_12_12_10events,LivestockAndFoodProducts,66,1.146902766035420e+00,6.470703718643609e-01,1.486315150808539e+00,8.493428111742384e-01,3.394123847731194e-01,2.022724393098775e-01,9.029490608552958e-02,2.183602015177409e-01
LivestockAndFoodProducts__salmon_nok_kg_96_12_12_10events,LivestockAndFoodProducts,44,1.581996918156241e+00,9.258945920194499e-01,1.666263076613921e+00,9.731726669953957e-01,8.426615845768026e-02,4.727807497594583e-02,3.838519124558929e+01,4.863429953979725e+00
LivestockAndFoodProducts__soybeans_usd_bu_96_12_12_10events,LivestockAndFoodProducts,82,1.553988519601848e+00,8.268444959079523e-01,1.654771140392404e+00,9.431610186635332e-01,1.007826207905562e-01,1.163165227555809e-01,3.163041650591330e+03,4.222073399406785e+01
LivestockAndFoodProducts__wool_aud_100kg_96_12_12_10events,LivestockAndFoodProducts,68,8.423940522576093e-01,5.842241836659923e-01,1.221905700008090e+00,8.044273602088854e-01,3.795116477504809e-01,2.202031765428931e-01,2.476098144528417e+03,3.301492124844220e+01
RawMaterialsAndConstruction__aluminum_usd_t_96_12_12_10events,RawMaterialsAndConstruction,53,1.294979468400799e+00,7.239302623526118e-01,1.750273297902827e+00,8.999572127903401e-01,4.552938295020275e-01,1.760269504377283e-01,1.035007004064986e+04,7.530713639297323e+01
RawMaterialsAndConstruction__copper_usd_lbs_96_12_12_10events,RawMaterialsAndConstruction,67,1.165022767379331e+00,7.278121022181409e-01,1.312862649521285e+00,8.446709349985372e-01,1.478398821419533e-01,1.168588327803963e-01,6.384292564995252e-02,1.791577248277553e-01
RawMaterialsAndConstruction__lead_usd_t_96_12_12_10events,RawMaterialsAndConstruction,83,1.101979813700282e+00,7.987626984363412e-01,1.246752219678159e+00,8.397682286488806e-01,1.447724059778768e-01,4.100553021253939e-02,7.199276884066192e+03,5.962020545438591e+01
RawMaterialsAndConstruction__lumber_usd_1000_board_feet_96_12_12_10events,RawMaterialsAndConstruction,67,8.645413243063196e-01,7.049636994067691e-01,1.044405517193616e+00,7.851847091056005e-01,1.798641928872959e-01,8.022100969883139e-02,1.188779354048725e+03,2.667522009661976e+01
RawMaterialsAndConstruction__polyethylene_cny_t_96_12_12_10events,RawMaterialsAndConstruction,53,1.574482961125446e+00,8.098174970043128e-01,1.820093309254813e+00,8.821994317405868e-01,2.456103481293677e-01,7.238193473627397e-02,7.180753324448144e+04,1.717989836610039e+02
RawMaterialsAndConstruction__polypropylene_cny_t_96_12_12_10events,RawMaterialsAndConstruction,65,1.633721012398272e+00,8.287981366539665e-01,1.770873222677833e+00,8.870296210279601e-01,1.371522102795610e-01,5.823148437399361e-02,6.295901770951194e+04,1.427606488548344e+02
RawMaterialsAndConstruction__rubber_usd_cents_kg_96_12_12_10events,RawMaterialsAndConstruction,63,1.342272236139175e+00,7.702512200117815e-01,1.971949915295560e+00,1.014166262304757e+00,6.296776791563850e-01,2.439150422929754e-01,6.755553503291283e+01,6.048973530158793e+00
RawMaterialsAndConstruction__steel_cny_t_96_12_12_10events,RawMaterialsAndConstruction,63,1.222024265621724e+00,7.861953294075534e-01,1.202257544811474e+00,8.098608526686633e-01,-1.976672081025033e-02,2.366552326110982e-02,1.519134489862874e+04,9.160332902481105e+01
RawMaterialsAndConstruction__tin_usd_t_96_12_12_10events,RawMaterialsAndConstruction,66,9.189106962937079e-01,6.881021511477113e-01,1.290515967327284e+00,8.473411951687271e-01,3.716052710335764e-01,1.592390440210157e-01,4.712559287336215e+06,1.569141916602549e+03
RawMaterialsAndConstruction__zinc_usd_t_96_12_12_10events,RawMaterialsAndConstruction,62,1.041245561121059e+00,7.279734895318981e-01,1.313577205866862e+00,8.582126159032951e-01,2.723316447458028e-01,1.302391263713970e-01,1.839201991551305e+04,1.041528386133119e+02
SpecialtyAndAdvancedMaterials__gallium_cny_kg_96_12_12_10events,SpecialtyAndAdvancedMaterials,55,8.727780328881707e-01,5.504093740253400e-01,1.480542522279915e+00,8.803692646054530e-01,6.077644893917442e-01,3.299598905801130e-01,1.005845521919343e+04,7.630336882620145e+01
SpecialtyAndAdvancedMaterials__germanium_cny_kg_96_12_12_10events,SpecialtyAndAdvancedMaterials,65,9.171046376464146e-01,4.794827031895786e-01,1.091330708306908e+00,6.320820242683678e-01,1.742260706604936e-01,1.525993210787892e-01,1.822676398162403e+05,2.561499156692375e+02
SpecialtyAndAdvancedMaterials__indium_cny_kg_96_12_12_10events,SpecialtyAndAdvancedMaterials,67,1.749345419592441e+01,1.094748274926032e+00,1.846054550513851e+01,1.370323968227874e+00,9.670913092141014e-01,2.755756933018418e-01,5.817164133833754e+04,1.242379545616036e+02
SpecialtyAndAdvancedMaterials__magnesium_cny_t_96_12_12_10events,SpecialtyAndAdvancedMaterials,59,7.840873257896800e-01,5.854374313345088e-01,8.616574295319200e-01,6.487689507797604e-01,7.757010374224005e-02,6.333151944525162e-02,5.357636630830467e+05,4.972786741187030e+02
SpecialtyAndAdvancedMaterials__molybdenum_cny_kg_96_12_12_10events,SpecialtyAndAdvancedMaterials,37,1.442382453832880e+00,6.583692257056776e-01,1.721210299919684e+00,8.975381717613039e-01,2.788278460868046e-01,2.391689460556263e-01,2.585246444183806e+03,2.703211226540643e+01
SpecialtyAndAdvancedMaterials__polyvinyl_cny_t_96_12_12_10events,SpecialtyAndAdvancedMaterials,63,1.199045490195343e+00,7.837795867945498e-01,1.353867075147818e+00,8.326640447511627e-01,1.548215849524750e-01,4.888445795661289e-02,4.424685557795421e+04,1.542694239508412e+02
SpecialtyAndAdvancedMaterials__tellurium_cny_kg_96_12_12_10events,SpecialtyAndAdvancedMaterials,65,4.301196217539478e-01,3.774112328529429e-01,7.392816067639192e-01,5.916432113166928e-01,3.091619850099714e-01,2.142319784637500e-01,6.059785551715420e+02,1.733847559063251e+01
SpecialtyAndAdvancedMaterials__titanium_cny_kg_96_12_12_10events,SpecialtyAndAdvancedMaterials,37,4.821153528835006e-01,3.863844580372414e-01,7.532144145242851e-01,5.778719499172690e-01,2.710990616407845e-01,1.914874918800276e-01,2.326274672502808e+01,2.157581486404407e+00
StrategicAndHighValueMaterials__cobalt_usd_t_96_12_12_10events,StrategicAndHighValueMaterials,72,8.628529407288555e+01,2.154753087807673e+00,6.323712736133992e+01,2.125399170883884e+00,-2.304816671154563e+01,-2.935391692378930e-02,6.658616661207762e+06,1.628486926341116e+03
StrategicAndHighValueMaterials__gold_usd_t_oz_96_12_12_10events,StrategicAndHighValueMaterials,68,1.102641856474003e+00,6.773455247976077e-01,1.875506131088493e+00,9.988901385833012e-01,7.728642746144898e-01,3.215446137856935e-01,2.496941289963475e+04,1.043318567906797e+02
StrategicAndHighValueMaterials__lithium_cny_t_96_12_12_10events,StrategicAndHighValueMaterials,78,6.837465688549837e-01,4.830998168594106e-01,9.590300369285839e-01,6.574937568175268e-01,2.752834680736002e-01,1.743939399581162e-01,5.289080911544151e+08,1.383313987258781e+04
StrategicAndHighValueMaterials__manganese_cny_mtu_96_12_12_10events,StrategicAndHighValueMaterials,59,2.023493221807733e+00,5.789183961594300e-01,2.539203848505141e+00,8.474097190037188e-01,5.157106266974085e-01,2.684913228442888e-01,1.849603717125692e+00,7.548158488659763e-01
StrategicAndHighValueMaterials__neodymium_cny_t_96_12_12_10events,StrategicAndHighValueMaterials,81,8.637752860731892e-01,5.040068912812508e-01,1.353163248303097e+00,7.980730915185186e-01,4.893879622299077e-01,2.940662002372678e-01,2.671548457712701e+09,3.612442520222480e+04
StrategicAndHighValueMaterials__nickel_usd_t_96_12_12_10events,StrategicAndHighValueMaterials,70,1.272345235911469e+00,7.429602428328197e-01,1.591569022147787e+00,8.146169587847343e-01,3.192237862363179e-01,7.165671595191458e-02,1.064245349115272e+06,7.297009480251737e+02
StrategicAndHighValueMaterials__palladium_usd_t_oz_96_12_12_10events,StrategicAndHighValueMaterials,68,1.082442671318088e+00,7.832776266867196e-01,1.514615435973090e+00,9.231323686171121e-01,4.321727646550015e-01,1.398547419303925e-01,1.339399038398872e+04,8.272334363765344e+01
StrategicAndHighValueMaterials__platinum_usd_t_oz_96_12_12_10events,StrategicAndHighValueMaterials,84,1.107971459301026e+00,7.388870280600681e-01,1.548615318591399e+00,8.625246175991003e-01,4.406438592903728e-01,1.236375895390321e-01,1.215514474295142e+04,5.891246541433990e+01
StrategicAndHighValueMaterials__rhodium_usd_t_oz_96_12_12_10events,StrategicAndHighValueMaterials,67,3.317046659800521e+00,7.307320724483333e-01,4.209623441017253e+00,1.010767170500951e+00,8.925767812167322e-01,2.800350980526174e-01,6.083466371211848e+05,4.745417985997745e+02
StrategicAndHighValueMaterials__silver_usd_t_oz_96_12_12_10events,StrategicAndHighValueMaterials,68,1.104778013002020e+00,7.616998538554954e-01,1.395280453965937e+00,9.035902246020072e-01,2.905024409639172e-01,1.418903707465118e-01,1.710940828769093e+01,2.292012546116542e+00
arts__art_exhibitions_96_12_4_10events,arts,29,7.352619677613950e+00,1.407664288266747e+00,7.353290167203961e+00,1.375502749248671e+00,6.704895900115915e-04,-3.216153901807628e-02,2.509384040424541e+03,2.445382423107641e+01
arts__broadway_shows_96_12_4_10events,arts,29,1.464145638081801e+00,7.691302369458942e-01,1.852463289311167e+00,8.069612052279806e-01,3.883176512293651e-01,3.783096828208643e-02,7.853307975483970e+01,5.636839212338795e+00
arts__comic_con_96_12_4_10events,arts,29,7.776043182892256e-01,4.949042486081038e-01,1.379567639634624e+00,6.831180096182607e-01,6.019633213453983e-01,1.882137610101570e-01,1.195723519429556e+02,6.877643843008092e+00
arts__esports_96_12_4_10events,arts,29,2.456230568649128e+00,9.395452017366815e-01,2.431077213550116e+00,9.412493074318563e-01,-2.515335509901195e-02,1.704105695174762e-03,3.337986409248219e+02,1.161940582405815e+01
arts__film_festivals_96_12_4_10events,arts,29,3.285539094135423e+00,1.206117854342506e+00,3.348259621670566e+00,1.322393893305490e+00,6.272052753514368e-02,1.162760389629838e-01,5.474101361669318e+02,1.577448149592204e+01
arts__food_wine_festivals_96_12_4_10events,arts,20,1.118672911085639e+00,9.439641289294511e-01,1.179696609223776e+00,1.007950166446172e+00,6.102369813813668e-02,6.398603751672116e-02,1.207498207173605e+03,3.226334592959616e+01
arts__major_league_baseball_96_12_4_10events,arts,29,2.967636048059356e-01,3.820145771684431e-01,6.730468933387059e-01,5.489894100191433e-01,3.762832885327703e-01,1.669748328507001e-01,1.417520153197813e+02,8.369248295858904e+00
arts__music_festivals_96_12_4_10events,arts,29,4.302979004236618e-01,5.065551746671091e-01,6.764635428397078e-01,6.438475408971177e-01,2.461656424160459e-01,1.372923662300086e-01,1.926814097443134e+02,1.077112745393971e+01
arts__national_basketball_association_96_12_4_10events,arts,29,1.414235145126090e+00,7.911161643910563e-01,1.332346584873229e+00,8.470462956860964e-01,-8.188856025286051e-02,5.593013129504010e-02,6.392070156014184e+02,1.875557675800396e+01
arts__national_football_league_96_12_4_10events,arts,29,2.279927442525923e+00,9.033953959178282e-01,2.441279474736514e+00,9.530438240255257e-01,1.613520322105915e-01,4.964842810769743e-02,2.652411537290236e+02,1.057425731425605e+01
climate__deforestation_96_12_4_10events,climate,29,5.345762916473837e-01,5.745551148121483e-01,1.209867116418841e+00,8.257446795788449e-01,6.752908247714571e-01,2.511895647666966e-01,5.430493121676462e+02,1.760900385932682e+01
climate__drought_96_12_4_10events,climate,29,7.815524400219306e-01,5.863276336370029e-01,6.606253537945190e-01,5.488790750620263e-01,-1.209270862274116e-01,-3.744855857497664e-02,6.390370182026974e+01,5.765501756285395e+00
climate__endangered_species_96_12_4_10events,climate,29,7.493933142901860e-01,6.203379893942695e-01,1.350838412256427e+00,8.570943629651877e-01,6.014450979662406e-01,2.367563735709182e-01,5.068202360973189e+02,1.676038415173015e+01
climate__flooding_96_12_4_10events,climate,29,3.901059028303501e+00,8.233706689297958e-01,4.286046838629982e+00,8.689048829398450e-01,3.849878103264812e-01,4.553421401004920e-02,7.264155980234127e+02,1.155967521435359e+01
climate__global_warming_96_12_4_10events,climate,29,8.622415284748116e-01,7.273344530830637e-01,1.178818260053133e+00,8.753313627704248e-01,3.165767315783209e-01,1.479969096873611e-01,2.249768542538787e+02,1.230740862037784e+01
climate__heatwave_96_12_4_10events,climate,29,9.069983543491231e-01,5.559682442678129e-01,1.075753834162495e+00,5.974794048833704e-01,1.687554798133715e-01,4.151116061555749e-02,8.482051070072555e+01,5.557439546712108e+00
climate__heavy_rainfall_96_12_4_10events,climate,29,2.339974880853822e+00,1.154525342750447e+00,2.761638584614101e+00,1.257672295190291e+00,4.216637037602791e-01,1.031469524398443e-01,1.364697060160665e+03,2.619642234322802e+01
climate__marine_pollution_96_12_4_10events,climate,29,7.238285455043225e-01,6.479069939938696e-01,1.394978656666445e+00,8.583776410181535e-01,6.711501111621230e-01,2.104706470242839e-01,6.240921590334441e+02,1.834254967958022e+01
climate__sustainable_fashion_96_12_4_10events,climate,29,1.106709035391393e+01,1.588292871553089e+00,1.229454575680739e+01,1.833568393315174e+00,1.227455402893455e+00,2.452755217620850e-01,8.583757852066634e+03,3.692517486660667e+01
climate__water_scarcity_96_12_4_10events,climate,29,1.424806392153026e+00,8.640511909007528e-01,1.862396691923834e+00,1.074391267489099e+00,4.375902997708079e-01,2.103400765883457e-01,9.099214560771537e+02,2.349522071443293e+01
economy__cost_of_living_96_12_4_10events,economy,29,4.757504259888973e+00,1.463013803043587e+00,5.078109099038966e+00,1.479764816320697e+00,3.206048391499925e-01,1.675101327711026e-02,4.630033071602352e+02,1.232355461978822e+01
economy__federal_budget_deficit_96_12_4_10events,economy,29,7.067065626663274e-01,6.620030643655402e-01,1.149116484764035e+00,8.350314309126260e-01,4.424099220977074e-01,1.730283665470858e-01,5.541223862069479e+02,1.843165966682984e+01
economy__government_spending_96_12_4_10events,economy,29,1.121993872024042e+00,7.952595458981774e-01,1.410652476469259e+00,9.161037870733710e-01,2.886586044452166e-01,1.208442411751937e-01,4.056486653669496e+02,1.570398068621646e+01
economy__healthcare_costs_96_12_4_10events,economy,29,1.706561751706973e+00,9.846742885610889e-01,3.015311201544828e+00,1.396721990591797e+00,1.308749449837855e+00,4.120477020307083e-01,9.130760535347223e+02,2.280696919139058e+01
economy__inflation_96_12_4_10events,economy,29,1.566483863038028e+00,9.192850845721077e-01,1.531247978164364e+00,8.822489720413969e-01,-3.523588487366425e-02,-3.703611253071082e-02,5.012732017771815e+01,5.362223896548450e+00
economy__international_trade_96_12_4_10events,economy,29,1.802049186445739e+00,9.710138108101710e-01,2.630917758306486e+00,1.202229986902049e+00,8.288685718607476e-01,2.312161760918779e-01,5.342119446406793e+02,1.637112580861749e+01
economy__minimum_wage_96_12_4_10events,economy,29,1.648413122525361e+00,7.771920471852375e-01,1.640947839197475e+00,7.217422449686245e-01,-7.465283327886540e-03,-5.544980221661300e-02,1.052581407370638e+02,6.159738211012158e+00
economy__student_loans_96_12_4_10events,economy,29,8.007082867006062e-01,6.429002713901116e-01,6.065342210550974e-01,5.120166852541187e-01,-1.941740656455089e-01,-1.308835861359929e-01,7.269454835856618e+00,1.937507669283089e+00
economy__taxes_96_12_4_10events,economy,29,3.796064824887813e-01,4.238362747571037e-01,8.271156973184867e-01,5.744820534363185e-01,4.475092148297053e-01,1.506457786792148e-01,2.401437494926321e+02,9.943696401238773e+00
economy__unemployment_rate_96_12_4_10events,economy,29,2.069253708031322e+00,9.982168475926180e-01,2.255742093580510e+00,1.074450152092256e+00,1.864883855491879e-01,7.623330449963850e-02,5.126874634804157e+02,1.559207971473454e+01
electronic_technology__alphabet_96_12_4_10events,electronic_technology,29,1.079508096771733e+00,7.903087673279087e-01,1.166215665139354e+00,8.173775303051478e-01,8.670756836762106e-02,2.706876297723915e-02,9.987727925508101e+01,7.593296902419517e+00
electronic_technology__amazon_96_12_4_10events,electronic_technology,29,8.766646721378363e-01,7.495212708692022e-01,1.020356917011426e+00,8.397551433653648e-01,1.436922448735894e-01,9.023387249616266e-02,6.661463017105731e+01,6.842776310622937e+00
electronic_technology__apple_inc_96_12_4_10events,electronic_technology,29,7.059739256689818e+00,1.505733540883805e+00,8.410169558284560e+00,1.727239316738092e+00,1.350430301594741e+00,2.215057758542873e-01,1.842314984860529e+03,1.734977830353830e+01
electronic_technology__artificial_intelligence_96_12_4_10events,electronic_technology,29,7.994147197439171e+00,1.416283929791512e+00,9.190582736631647e+00,1.562030853429049e+00,1.196435539192477e+00,1.457469236375375e-01,1.205909138239373e+03,1.866440062076878e+01
electronic_technology__consumer_electronics_96_12_4_10events,electronic_technology,29,6.065290352691401e+00,1.370670707972894e+00,7.471458057200130e+00,1.590688035287969e+00,1.406167704508730e+00,2.200173273150750e-01,2.020499221323571e+03,2.574322426989393e+01
electronic_technology__drones_96_12_4_10events,electronic_technology,29,9.332347175522330e+01,2.175945042782511e+00,9.769959260137045e+01,2.275199039695748e+00,4.376120846147160e+00,9.925399691323689e-02,1.437482962848270e+02,3.401065186978928e+00
electronic_technology__meta_platforms_96_12_4_10events,electronic_technology,29,1.264145017305744e+01,1.552097497752639e+00,1.342870593672448e+01,1.622835228241650e+00,7.872557636670408e-01,7.073773048901066e-02,2.039577030444778e+03,2.125875760684769e+01
electronic_technology__microsoft_96_12_4_10events,electronic_technology,29,3.014682710650979e+00,7.836882988724648e-01,3.376328910508176e+00,1.002562142625889e+00,3.616461998571965e-01,2.188738437534242e-01,5.616237490202749e+01,4.901213509161588e+00
electronic_technology__nvidia_96_12_4_10events,electronic_technology,29,3.633802791866530e+00,1.079188129201479e+00,4.668462627424804e+00,1.210361778298248e+00,1.034659835558274e+00,1.311736490967692e-01,2.058160316425809e+02,9.556685005238236e+00
electronic_technology__robotics_96_12_4_10events,electronic_technology,29,2.489326042089945e+00,1.113046347082075e+00,3.593931102628670e+00,1.396693369454605e+00,1.104605060538725e+00,2.836470223725294e-01,4.471396294134918e+02,1.442865473890203e+01
finance__asset_management_96_12_4_10events,finance,29,2.292191672325894e+00,1.111345702527944e+00,3.293880972538129e+00,1.395464688545248e+00,1.001689300212235e+00,2.841189860173041e-01,2.510808650207687e+02,1.130475801111126e+01
finance__cryptocurrency_96_12_4_10events,finance,29,6.420215717717506e+00,1.200624258837547e+00,6.977180349002854e+00,1.260712139765680e+00,5.569646312853482e-01,6.008788092813377e-02,3.230586828947697e+02,9.518961257666666e+00
finance__financial_regulation_96_12_4_10events,finance,29,4.166136758520160e+00,1.440304755559437e+00,5.779695564961077e+00,1.737531870772792e+00,1.613558806440917e+00,2.972271152133545e-01,2.805426444376650e+03,3.133442894259663e+01
finance__goldman_sachs_96_12_4_10events,finance,29,3.210135873785521e+00,9.919269326032563e-01,3.233552006691268e+00,9.549661039309928e-01,2.341613290574651e-02,-3.696082867226347e-02,1.732448593509763e+02,7.119573972382176e+00
finance__hedge_funds_96_12_4_10events,finance,29,2.216732471306099e+00,1.031320502047202e+00,2.680851332742079e+00,1.181447374934305e+00,4.641188614359799e-01,1.501268728871030e-01,2.204626384068970e+02,1.054080407862632e+01
finance__investment_banking_96_12_4_10events,finance,29,1.950411390040176e+00,1.052253407136628e+00,2.786517007971907e+00,1.338767142335528e+00,8.361056179317312e-01,2.865137351989004e-01,3.457157629321434e+02,1.398606340614751e+01
finance__mortgage_rates_96_12_4_10events,finance,29,2.845762580420305e+00,8.717642671093087e-01,3.241890890280469e+00,9.026959739555206e-01,3.961283098601638e-01,3.093170684621194e-02,1.427717086499459e+02,7.000967717927458e+00
finance__private_equity_96_12_4_10events,finance,29,2.615393774022520e+00,1.127931604253554e+00,3.795444170388472e+00,1.478311586441362e+00,1.180050396365952e+00,3.503799821878077e-01,3.750063786618542e+02,1.331708264942298e+01
finance__stock_market_96_12_4_10events,finance,29,7.538777618895722e+00,9.843255525221639e-01,7.998887060575822e+00,1.010293390910918e+00,4.601094416801006e-01,2.596783838875405e-02,1.434380570925649e+02,5.243110285325265e+00
finance__venture_capital_96_12_4_10events,finance,29,2.888366761350326e+00,1.218247160185506e+00,3.765682830405611e+00,1.472675198722905e+00,8.773160690552855e-01,2.544280385373989e-01,2.885115109023752e+02,1.129536132875947e+01
pets__animal_migration_96_12_4_10events,pets,29,1.953617435910725e+00,1.000662150212160e+00,2.052449892722942e+00,1.000781659723120e+00,9.883245681221697e-02,1.195095109596256e-04,4.008910004179667e+02,1.424742880153592e+01
pets__animal_rescue_96_12_4_10events,pets,29,1.409623583834613e+00,8.881620243487834e-01,1.494395766610763e+00,9.468818138907110e-01,8.477218277614984e-02,5.871978954192758e-02,3.478877623279400e+01,4.700703959681017e+00
pets__animal_welfare_96_12_4_10events,pets,29,3.427185258174152e+00,1.243766447581380e+00,4.260345994437341e+00,1.367551527242732e+00,8.331607362631899e-01,1.237850796613520e-01,3.120497641444827e+02,1.069946243896560e+01
pets__beekeeping_96_12_4_10events,pets,29,1.004525124008984e+00,6.749072286800539e-01,6.936343995731672e-01,5.568592101918149e-01,-3.108907244358167e-01,-1.180480184882390e-01,5.317523762475776e+01,5.059303700445679e+00
pets__biodiversity_96_12_4_10events,pets,29,7.369831487217315e-01,6.465094210901602e-01,1.262364312429231e+00,8.920154963151544e-01,5.253811637074990e-01,2.455060752249942e-01,7.682979871083472e+02,2.205214970748866e+01
pets__invasive_species_96_12_4_10events,pets,29,6.663082593324744e-01,6.193956662667761e-01,1.278996420404953e+00,8.504743956337825e-01,6.126881610724785e-01,2.310787293670064e-01,4.318864103121359e+02,1.586195905247766e+01
pets__marine_life_96_12_4_10events,pets,29,1.677592180178546e+00,9.453312243460241e-01,2.219789338661456e+00,1.076683054602468e+00,5.421971584829106e-01,1.313518302564436e-01,3.234992965995245e+02,1.264446403825021e+01
pets__pest_control_96_12_4_10events,pets,29,3.842537841655674e-01,4.527916688572287e-01,7.578029716674796e-01,6.420763765100843e-01,3.735491875019121e-01,1.892847076528557e-01,1.842503351715075e+02,1.011587448423808e+01
pets__pet_adoption_96_12_4_10events,pets,29,2.976837123675415e+00,7.991687724875121e-01,3.686853530844513e+00,8.465454651892789e-01,7.100164071690975e-01,4.737669270176681e-02,1.052013887111253e+02,5.119632435196682e+00
pets__pet_health_96_12_4_10events,pets,29,7.402210857411903e+00,1.728689268499362e+00,9.516696013076995e+00,2.018404670576232e+00,2.114485155665092e+00,2.897154020768700e-01,1.743369492852448e+03,2.254148614103979e+01
public_health__air_pollution_96_12_4_10events,public_health,29,5.282624657885717e-01,5.503005764362195e-01,5.827919782605239e-01,5.931964550033774e-01,5.452951247195215e-02,4.289587856715782e-02,5.984821911583859e+01,6.091683810242021e+00
public_health__climate_change_96_12_4_10events,public_health,29,2.635280605941905e+00,3.292523152446147e-01,2.699504270467357e+00,3.008364009814053e-01,6.422366452545170e-02,-2.841591426320939e-02,5.126702092468309e+01,1.916213912407961e+00
public_health__diabetes_96_12_4_10events,public_health,29,1.566105041855052e+00,9.210926259146258e-01,1.867371814814272e+00,1.019168320628505e+00,3.012667729592202e-01,9.807569471387956e-02,6.408548252236743e+01,5.968314422996783e+00
public_health__drug_overdose_96_12_4_10events,public_health,29,1.455221289653640e+00,8.370129896324023e-01,1.702692532145565e+00,8.752797596862202e-01,2.474712424919243e-01,3.826677005381784e-02,6.282102888999663e+01,5.628785634203125e+00
public_health__food_safety_96_12_4_10events,public_health,29,3.022648836076210e+00,1.197964120228190e+00,4.024820356847148e+00,1.511944571271149e+00,1.002171520770938e+00,3.139804510429585e-01,8.673067833047035e+02,1.891193981788752e+01
public_health__hiv_aids_96_12_4_10events,public_health,29,7.877286392532429e-01,6.804718430955013e-01,1.145224319399024e+00,8.301594613673126e-01,3.574956801457813e-01,1.496876182718112e-01,5.273004795195556e+01,5.660029439586975e+00
public_health__infectious_disease_96_12_4_10events,public_health,29,1.194147468171195e+00,7.901762118707364e-01,1.695863017846050e+00,9.969848076196125e-01,5.017155496748553e-01,2.068085957488761e-01,1.345470834739261e+02,8.935809044785538e+00
public_health__mental_health_96_12_4_10events,public_health,29,1.144155646000680e+00,8.062353408413594e-01,1.780373699913967e+00,1.023108393977309e+00,6.362180539132862e-01,2.168730531359500e-01,1.828672229161142e+02,1.028489300599109e+01
public_health__obesity_96_12_4_10events,public_health,29,4.627824325448654e+00,1.274285115171814e+00,4.162085468889732e+00,1.238224791240804e+00,-4.657388565589224e-01,-3.606032393101088e-02,4.285742290987519e+02,1.201228945160900e+01
public_health__opioid_crisis_96_12_4_10events,public_health,29,7.044500111768399e-01,6.525426060002034e-01,1.153492619245574e+00,8.218102274724850e-01,4.490426080687338e-01,1.692676214722816e-01,2.490983637808898e+02,1.225389587927658e+01
public_policy__carbon_emissions_96_12_4_10events,public_policy,29,2.185699398865275e+00,1.015108734766044e+00,1.739228572822376e+00,9.289213338726471e-01,-4.464708260428989e-01,-8.618740089339660e-02,2.644191738938297e+02,1.215060168999165e+01
public_policy__federal_reserve_96_12_4_10events,public_policy,29,2.709279980131806e+00,1.003917340408290e+00,2.742182735367302e+00,9.690131313993479e-01,3.290275523549591e-02,-3.490420900894253e-02,6.187418604541307e+02,1.454013067498320e+01
public_policy__healthcare_policy_96_12_4_10events,public_policy,29,3.662902951756874e+00,1.356348385227297e+00,5.197497427260916e+00,1.693252515523290e+00,1.534594475504042e+00,3.369041302959930e-01,1.191348108534413e+03,2.166939515257789e+01
public_policy__human_rights_96_12_4_10events,public_policy,29,2.626874597820454e+00,1.049599213342202e+00,2.915459400254336e+00,1.136354556524229e+00,2.885848024338822e-01,8.675534318202671e-02,4.015239363864014e+02,1.257380034548202e+01
public_policy__immigration_reform_96_12_4_10events,public_policy,29,1.814957840853391e+00,1.013130544470514e+00,1.769243317921601e+00,9.534138204614450e-01,-4.571452293179035e-02,-5.971672400906891e-02,2.588052301959243e+02,1.155835304028592e+01
public_policy__national_debt_96_12_4_10events,public_policy,29,1.488328413540754e+00,9.534020402458011e-01,1.460777480523682e+00,9.512937963733208e-01,-2.755093301707290e-02,-2.108243872480320e-03,1.860718102142231e+02,1.100579739134526e+01
public_policy__presidential_election_96_12_4_10events,public_policy,29,2.080350943325623e+02,1.979040042899693e+00,2.106457507987702e+02,2.033566576377904e+00,2.610656466207928e+00,5.452653347821146e-02,8.615767327962806e+01,1.682394546146512e+00
public_policy__refugee_support_96_12_4_10events,public_policy,29,2.815526603016639e+00,1.200480396223074e+00,3.342374631790362e+00,1.290189597676640e+00,5.268480287737227e-01,8.970920145356520e-02,1.409452194962387e+03,2.391576767807150e+01
public_policy__renewable_energy_96_12_4_10events,public_policy,29,1.343088159008010e+00,8.466249874637304e-01,1.769294219747507e+00,9.950912488593104e-01,4.262060607394962e-01,1.484662613955801e-01,5.904906244629051e+02,1.797875315500123e+01
public_policy__space_exploration_96_12_4_10events,public_policy,29,1.488834644811542e+00,8.177515854648625e-01,1.603487160808352e+00,9.646723557979815e-01,1.146525159968099e-01,1.469207703331190e-01,5.867786212845225e+02,1.814877007531780e+01
public_policy__wildlife_conservation_96_12_4_10events,public_policy,29,2.455307254011751e+00,1.105544873640372e+00,3.300633271257646e+00,1.329591489342619e+00,8.453260172458958e-01,2.240466157022476e-01,4.047584953331881e+02,1.340482748383036e+01
science__cancer_research_96_12_4_10events,science,29,9.330179706522776e+00,1.347176923948447e+00,1.065462854485551e+01,1.613039733062888e+00,1.324448838332735e+00,2.658628091144408e-01,2.005641270313339e+02,8.266483080151978e+00
science__data_breach_96_12_4_10events,science,29,4.098399234957807e+00,1.126402424656439e+00,4.591983176032373e+00,1.094292622160951e+00,4.935839410745659e-01,-3.210980249548756e-02,2.906344936836997e+02,1.081612095746278e+01
science__earthquake_96_12_4_10events,science,29,2.050056165194719e+00,5.644810441119695e-01,2.138601377189076e+00,5.587990807773046e-01,8.854521199435661e-02,-5.681963334664974e-03,1.319523806384550e+02,5.377856778303658e+00
science__food_recall_96_12_4_10events,science,29,1.934966712685532e+00,7.664555188502803e-01,1.922640603144067e+00,7.123081338850213e-01,-1.232610954146574e-02,-5.414738496525895e-02,1.834247001496983e+02,8.911270679642131e+00
science__gene_editing_96_12_4_10events,science,29,1.515676002668307e+00,8.464444385444272e-01,2.086941545808947e+00,1.018239182657337e+00,5.712655431406406e-01,1.717947441129095e-01,3.199199213845910e+02,1.282739017514522e+01
science__meteor_shower_96_12_4_10events,science,29,7.424775803076288e-01,4.336706052669886e-01,8.754239279373026e-01,4.238735939421550e-01,1.329463476296738e-01,-9.797011324833682e-03,1.167972659875713e+02,5.194677144311966e+00
science__nobel_prize_96_12_4_10events,science,29,1.300911882004716e+01,8.703952829165670e-01,1.339711587627804e+01,9.823311163183828e-01,3.879970562308763e-01,1.119358334018158e-01,1.984032200050915e+03,1.318905187785952e+01
science__quantum_computing_96_12_4_10events,science,29,1.641970306282946e+01,1.799462297303455e+00,1.735504245527355e+01,1.863980290113101e+00,9.353393924440887e-01,6.451799280964554e-02,2.081249866324401e+03,1.866270395194659e+01
science__vaccine_research_96_12_4_10events,science,29,4.621891413027797e+00,1.362190650459638e+00,5.677320846587615e+00,1.612399046117369e+00,1.055429433559818e+00,2.502083956577315e-01,1.057245985900062e+03,1.921180475468528e+01
science__volcanic_eruption_96_12_4_10events,science,29,7.366515476672981e-01,6.174022716295515e-01,9.790773647600379e-01,7.623868294622133e-01,2.424258170927398e-01,1.449845578326617e-01,4.038744358810178e+01,4.945002660767040e+00
shopping__air_conditioner_96_12_4_10events,shopping,29,2.153825692163922e-01,2.793010607408223e-01,5.167460584386782e-01,4.163589763197126e-01,3.013634892222860e-01,1.370579155788903e-01,1.921710034698137e+02,8.171012488728609e+00
shopping__back_to_school_96_12_4_10events,shopping,29,8.143777548276587e-01,4.047914177249864e-01,2.099497589503319e+00,7.459111733707497e-01,1.285119834675660e+00,3.411197556457634e-01,5.048475366889070e+02,1.291681883161464e+01
shopping__black_friday_deals_96_12_4_10events,shopping,29,1.375117048494007e+00,4.416087952185562e-01,1.832988089316623e+00,4.498062024092787e-01,4.578710408226161e-01,8.197407190722483e-03,2.131389711522994e+02,5.418446109676817e+00
shopping__christmas_gifts_96_12_4_10events,shopping,29,6.544619215524855e-01,4.787253081680345e-01,1.921812873461551e+00,8.070057108569063e-01,1.267350951909065e+00,3.282804026888718e-01,7.703124073539258e+02,1.712867415621230e+01
shopping__fashion_week_96_12_4_10events,shopping,29,7.111914203166984e-01,5.636626349885254e-01,1.202040531931609e+00,7.114358719479955e-01,4.908491116149106e-01,1.477732369594701e-01,2.978560152284839e+02,1.161712659140048e+01
shopping__flu_shot_96_12_4_10events,shopping,29,2.671873104329717e-01,3.304978549319137e-01,6.706600683548380e-01,5.043516250104217e-01,4.034727579218664e-01,1.738537700785080e-01,2.534980853544708e+02,1.007929542194019e+01
shopping__halloween_costumes_96_12_4_10events,shopping,29,6.505477785482219e-01,3.972955351654615e-01,1.246924959057819e+00,6.257460562721844e-01,5.963771805095972e-01,2.284505211067229e-01,2.722704085033394e+02,1.001395210286068e+01
shopping__organic_food_96_12_4_10events,shopping,29,1.773541602446595e+00,9.094031250464909e-01,1.938139157961719e+00,1.020065774404118e+00,1.645975555151238e-01,1.106626493576268e-01,1.234057574701185e+02,8.219056298172758e+00
shopping__ski_gear_96_12_4_10events,shopping,29,3.685256842944743e-01,3.877139426593340e-01,8.904811167551060e-01,5.970722287567266e-01,5.219554324606317e-01,2.093582860973926e-01,4.205900324166048e+02,1.301890661204300e+01
shopping__tax_software_96_12_4_10events,shopping,29,1.386724279501624e+00,7.637729816030611e-01,2.073145195472472e+00,9.971496288958895e-01,6.864209159708474e-01,2.333766472928285e-01,1.471690004793435e+03,2.497256212413484e+01
society__affordable_housing_96_12_4_10events,society,29,1.268935459122541e+00,8.466242331755833e-01,1.588860062602813e+00,9.400484140107018e-01,3.199246034802723e-01,9.342418083511850e-02,7.741080478310249e+01,6.600302799820295e+00
society__cybersecurity_96_12_4_10events,society,29,3.929667891413346e+00,1.235295334716002e+00,5.632990590544060e+00,1.694500788709645e+00,1.703322699130714e+00,4.592054539936423e-01,4.027869407231444e+02,1.381373394820650e+01
society__data_privacy_96_12_4_10events,society,29,3.933413048892675e+00,1.367781131108843e+00,5.712786605781662e+00,1.808122541474403e+00,1.779373556888987e+00,4.403414103655603e-01,1.829248827735557e+03,2.595860369467727e+01
society__domestic_violence_96_12_4_10events,society,29,1.269775339216447e+00,8.190022632722653e-01,1.487817987738765e+00,8.945365904742056e-01,2.180426485223181e-01,7.553432720194031e-02,1.345356778878779e+02,8.644113436708473e+00
society__gender_equality_96_12_4_10events,society,29,1.841239951156053e+00,7.996675975546866e-01,1.998049882700101e+00,1.003877270372022e+00,1.568099315440481e-01,2.042096728173358e-01,7.845427463663983e+02,1.985334835729384e+01
society__homelessness_96_12_4_10events,society,29,1.697604965510920e+00,9.514840518479101e-01,1.723249891553865e+00,9.720381307556126e-01,2.564492604294433e-02,2.055407890770256e-02,2.183528105570758e+02,1.090179676994242e+01
society__income_inequality_96_12_4_10events,society,29,1.041451179169971e+00,7.173012969799427e-01,1.558344940730281e+00,9.450963746797991e-01,5.168937615603098e-01,2.277950776998564e-01,6.787380152523701e+02,1.982491987786792e+01
society__infrastructure_spending_96_12_4_10events,society,29,3.686039490981273e+00,1.193726642671218e+00,4.872202504826483e+00,1.479528703591160e+00,1.186163013845210e+00,2.858020609199423e-01,4.225216445399255e+03,3.822553844510110e+01
society__protest_96_12_4_10events,society,29,8.545698386614411e+00,1.203630353283189e+00,8.499031798915842e+00,1.129627313465014e+00,-4.666658769856902e-02,-7.400303981817458e-02,1.394544815060345e+02,4.316333715119347e+00
society__wildfires_96_12_4_10events,society,29,4.287495761274109e-01,3.259058630446881e-01,3.950321198841004e-01,2.882839139888626e-01,-3.371745624331052e-02,-3.762194905582550e-02,4.376998234083581e+01,2.807843657285366e+00
traffic__air_travel_96_12_4_10events,traffic,29,3.470777280957738e+00,1.226155981222011e+00,4.271314522188766e+00,1.375333368327526e+00,8.005372412310288e-01,1.491773871055146e-01,6.820268475972283e+02,1.552235879676795e+01
traffic__autonomous_driving_96_12_4_10events,traffic,29,6.143737745970443e+00,1.679685623921122e+00,7.874944852523853e+00,1.910546410436504e+00,1.731207106553411e+00,2.308607865153822e-01,1.274101438802344e+03,2.082130303008513e+01
traffic__electric_vehicle_96_12_4_10events,traffic,29,5.592949852263343e+00,1.336581320259108e+00,5.418006540815386e+00,1.265913109830247e+00,-1.749433114479571e-01,-7.066821042886051e-02,2.418964288271724e+02,9.092207791703997e+00
traffic__formula_1_96_12_4_10events,traffic,29,1.055270419223985e+00,7.529908768162151e-01,1.172644381701922e+00,8.414421080954416e-01,1.173739624779362e-01,8.845123127922649e-02,3.040122358319782e+02,1.380545747448423e+01
traffic__gas_prices_96_12_4_10events,traffic,29,5.466665599742599e+00,7.965179147743761e-01,5.248297927673701e+00,7.293957387716201e-01,-2.183676720688981e-01,-6.712217600275594e-02,6.873957179986887e+00,1.396082982719067e+00
traffic__rocket_launch_96_12_4_10events,traffic,29,9.263468106984203e-01,7.451538710217956e-01,8.005361295960777e-01,6.745481362932514e-01,-1.258106811023426e-01,-7.060573472854426e-02,6.906324324795710e+01,6.362442387158413e+00
traffic__tesla_96_12_4_10events,traffic,29,4.886171739204451e+00,1.230052783374494e+00,4.671137722775760e+00,1.090742559374264e+00,-2.150340164286915e-01,-1.393102240002304e-01,1.260091028632077e+02,6.491101971468900e+00
traffic__tour_de_france_96_12_4_10events,traffic,29,6.582712368146643e-01,3.742142811813012e-01,1.548786498418308e+00,6.059344577571760e-01,8.905152616036437e-01,2.317201765758748e-01,4.009981383099735e+02,1.057539407902856e+01
traffic__traffic_insurance_96_12_4_10events,traffic,29,4.067991883118665e+00,1.413906148984952e+00,5.443625402948508e+00,1.647936434197216e+00,1.375633519829844e+00,2.340302852122644e-01,8.978036529102292e+02,1.821952624900561e+01
traffic__used_car_96_12_4_10events,traffic,29,1.833798355833116e+00,9.907083505218534e-01,2.413627217641993e+00,1.154857978465460e+00,5.798288618088769e-01,1.641496279436069e-01,8.315492946000396e+01,6.567537035845760e+00
