comparison,metric,delta,relative_improvement
M48T512_D2-M48T512,mse,-0.000940,+0.02%
M48T512_D2-M48T512,mae,-0.000244,+0.02%
M48T512-A48,mse,+0.012884,-0.30%
M48T512-A48,mae,+0.001746,-0.15%
M48T512_D2-A48,mse,+0.011943,-0.28%
M48T512_D2-A48,mae,+0.001501,-0.12%
A48-Z0,mse,+0.638898,-17.48%
A48-Z0,mae,+0.151864,-14.48%
M48T512_D2-Z0,mse,+0.650841,-17.81%
M48T512_D2-Z0,mae,+0.153366,-14.62%
M48T512_D2-M48T512-paired,std_MSE,-0.000940,+0.02%
M48T512_D2-M48T512-paired,std_MAE,-0.000244,+0.02%
