var_key,sample_id,domain,scope,freq,calendar_skipped,n_events,E,raw_events_tokens,scheme,outcome,reason,events_tokens,covered_events,coverage_rate,nonempty_fragments,compression_rate
CropsAndStaples__potatoes_eur_100kg_96_12_12_10events,CropsAndStaples__potatoes_eur_100kg_96_12_12_10events__20240911T000000,CropsAndStaples,train,1D,True,9,363,1152,D2,d2_reference,,,3,0.3333333333333333,,
CropsAndStaples__potatoes_eur_100kg_96_12_12_10events,CropsAndStaples__potatoes_eur_100kg_96_12_12_10events__20240911T000000,CropsAndStaples,train,1D,True,9,363,1152,E-Extract,fallback_d2,"[4, 'event_failed:bad_spans']",,3,0.3333333333333333,,
CropsAndStaples__potatoes_eur_100kg_96_12_12_10events,CropsAndStaples__potatoes_eur_100kg_96_12_12_10events__20240911T000000,CropsAndStaples,train,1D,True,9,363,1152,E-Summary,fallback_d2,"[4, 'event_failed:over_budget(43>35)']",,3,0.3333333333333333,,
Currency__usdtoaud_exchangerate_96_12_12_10events,Currency__usdtoaud_exchangerate_96_12_12_10events__20231010T000000,Currency,train,1D,True,10,361,1354,D2,d2_reference,,,2,0.2,,
Currency__usdtoaud_exchangerate_96_12_12_10events,Currency__usdtoaud_exchangerate_96_12_12_10events__20231010T000000,Currency,train,1D,True,10,361,1354,E-Extract,fallback_d2,"[10, 'event_failed:partial_clause']",,2,0.2,,
Currency__usdtoaud_exchangerate_96_12_12_10events,Currency__usdtoaud_exchangerate_96_12_12_10events__20231010T000000,Currency,train,1D,True,10,361,1354,E-Summary,fallback_d2,"[6, ""event_failed:ungrounded_words:['growth', 'reported']""]",,2,0.2,,
EnergyAndFuels__gasoline_usd_gal_96_12_12_10events,EnergyAndFuels__gasoline_usd_gal_96_12_12_10events__20231023T000000,EnergyAndFuels,train,1D,True,10,366,739,D2,d2_reference,,,5,0.5,,
EnergyAndFuels__gasoline_usd_gal_96_12_12_10events,EnergyAndFuels__gasoline_usd_gal_96_12_12_10events__20231023T000000,EnergyAndFuels,train,1D,True,10,366,739,E-Extract,fallback_d2,"[8, 'event_failed:span_crosses_clauses']",,5,0.5,,
EnergyAndFuels__gasoline_usd_gal_96_12_12_10events,EnergyAndFuels__gasoline_usd_gal_96_12_12_10events__20231023T000000,EnergyAndFuels,train,1D,True,10,366,739,E-Summary,compressed,,279,10,1.0,10,0.6224627875507442
LivestockAndFoodProducts__cheese_usd_lbs_96_12_12_10events,LivestockAndFoodProducts__cheese_usd_lbs_96_12_12_10events__20240403T000000,LivestockAndFoodProducts,train,1D,True,7,366,757,D2,d2_reference,,,3,0.42857142857142855,,
LivestockAndFoodProducts__cheese_usd_lbs_96_12_12_10events,LivestockAndFoodProducts__cheese_usd_lbs_96_12_12_10events__20240403T000000,LivestockAndFoodProducts,train,1D,True,7,366,757,E-Extract,fallback_d2,"[3, 'event_failed:span_crosses_clauses']",,3,0.42857142857142855,,
LivestockAndFoodProducts__cheese_usd_lbs_96_12_12_10events,LivestockAndFoodProducts__cheese_usd_lbs_96_12_12_10events__20240403T000000,LivestockAndFoodProducts,train,1D,True,7,366,757,E-Summary,fallback_d2,"[4, ""event_failed:ungrounded_words:['indicated']""]",,3,0.42857142857142855,,
RawMaterialsAndConstruction__polyethylene_cny_t_96_12_12_10events,RawMaterialsAndConstruction__polyethylene_cny_t_96_12_12_10events__20240208T000000,RawMaterialsAndConstruction,train,1D,False,6,348,1048,D2,d2_reference,,,1,0.16666666666666666,,
RawMaterialsAndConstruction__polyethylene_cny_t_96_12_12_10events,RawMaterialsAndConstruction__polyethylene_cny_t_96_12_12_10events__20240208T000000,RawMaterialsAndConstruction,train,1D,False,6,348,1048,E-Extract,compressed,,243,6,1.0,6,0.7681297709923665
RawMaterialsAndConstruction__polyethylene_cny_t_96_12_12_10events,RawMaterialsAndConstruction__polyethylene_cny_t_96_12_12_10events__20240208T000000,RawMaterialsAndConstruction,train,1D,False,6,348,1048,E-Summary,compressed,,185,6,1.0,6,0.8234732824427481
SpecialtyAndAdvancedMaterials__germanium_cny_kg_96_12_12_10events,SpecialtyAndAdvancedMaterials__germanium_cny_kg_96_12_12_10events__20231226T000000,SpecialtyAndAdvancedMaterials,train,1D,False,8,349,1096,D2,d2_reference,,,2,0.25,,
SpecialtyAndAdvancedMaterials__germanium_cny_kg_96_12_12_10events,SpecialtyAndAdvancedMaterials__germanium_cny_kg_96_12_12_10events__20231226T000000,SpecialtyAndAdvancedMaterials,train,1D,False,8,349,1096,E-Extract,compressed,,264,8,1.0,8,0.7591240875912408
SpecialtyAndAdvancedMaterials__germanium_cny_kg_96_12_12_10events,SpecialtyAndAdvancedMaterials__germanium_cny_kg_96_12_12_10events__20231226T000000,SpecialtyAndAdvancedMaterials,train,1D,False,8,349,1096,E-Summary,fallback_d2,"[8, ""event_failed:ungrounded_words:['reported']""]",,2,0.25,,
StrategicAndHighValueMaterials__platinum_usd_t_oz_96_12_12_10events,StrategicAndHighValueMaterials__platinum_usd_t_oz_96_12_12_10events__20231019T000000,StrategicAndHighValueMaterials,train,1D,True,10,365,1188,D2,d2_reference,,,3,0.3,,
StrategicAndHighValueMaterials__platinum_usd_t_oz_96_12_12_10events,StrategicAndHighValueMaterials__platinum_usd_t_oz_96_12_12_10events__20231019T000000,StrategicAndHighValueMaterials,train,1D,True,10,365,1188,E-Extract,compressed,,299,10,1.0,10,0.7483164983164983
StrategicAndHighValueMaterials__platinum_usd_t_oz_96_12_12_10events,StrategicAndHighValueMaterials__platinum_usd_t_oz_96_12_12_10events__20231019T000000,StrategicAndHighValueMaterials,train,1D,True,10,365,1188,E-Summary,fallback_d2,"[7, ""event_failed:ungrounded_words:['grow']""]",,3,0.3,,
arts__music_festivals_96_12_4_10events,arts__music_festivals_96_12_4_10events__20231126T000000,arts,train,1W,False,8,329,1221,D2,d2_reference,,,2,0.25,,
arts__music_festivals_96_12_4_10events,arts__music_festivals_96_12_4_10events__20231126T000000,arts,train,1W,False,8,329,1221,E-Extract,compressed,,240,8,1.0,8,0.8034398034398035
arts__music_festivals_96_12_4_10events,arts__music_festivals_96_12_4_10events__20231126T000000,arts,train,1W,False,8,329,1221,E-Summary,fallback_d2,"[8, ""event_failed:ungrounded_words:['appeared']""]",,2,0.25,,
climate__heatwave_96_12_4_10events,climate__heatwave_96_12_4_10events__20240512T000000,climate,train,1W,False,10,331,1572,D2,d2_reference,,,2,0.2,,
climate__heatwave_96_12_4_10events,climate__heatwave_96_12_4_10events__20240512T000000,climate,train,1W,False,10,331,1572,E-Extract,fallback_d2,"[5, 'event_failed:partial_clause']",,2,0.2,,
climate__heatwave_96_12_4_10events,climate__heatwave_96_12_4_10events__20240512T000000,climate,train,1W,False,10,331,1572,E-Summary,fallback_d2,"[8, 'event_failed:over_budget(30>28)']",,2,0.2,,
economy__inflation_96_12_4_10events,economy__inflation_96_12_4_10events__20231224T000000,economy,train,1W,False,10,318,1337,D2,d2_reference,,,3,0.3,,
economy__inflation_96_12_4_10events,economy__inflation_96_12_4_10events__20231224T000000,economy,train,1W,False,10,318,1337,E-Extract,fallback_d2,"[10, 'event_failed:over_budget(30>26)']",,3,0.3,,
economy__inflation_96_12_4_10events,economy__inflation_96_12_4_10events__20231224T000000,economy,train,1W,False,10,318,1337,E-Summary,fallback_d2,"[10, ""event_failed:ungrounded_words:['rose']""]",,3,0.3,,
electronic_technology__microsoft_96_12_4_10events,electronic_technology__microsoft_96_12_4_10events__20240901T000000,electronic_technology,train,1W,False,8,337,1466,D2,d2_reference,,,1,0.125,,
electronic_technology__microsoft_96_12_4_10events,electronic_technology__microsoft_96_12_4_10events__20240901T000000,electronic_technology,train,1W,False,8,337,1466,E-Extract,compressed,,279,8,1.0,8,0.8096862210095498
electronic_technology__microsoft_96_12_4_10events,electronic_technology__microsoft_96_12_4_10events__20240901T000000,electronic_technology,train,1W,False,8,337,1466,E-Summary,compressed,,196,8,1.0,8,0.8663028649386084
finance__asset_management_96_12_4_10events,finance__asset_management_96_12_4_10events__20240121T000000,finance,train,1W,False,10,354,1495,D2,d2_reference,,,2,0.2,,
finance__asset_management_96_12_4_10events,finance__asset_management_96_12_4_10events__20240121T000000,finance,train,1W,False,10,354,1495,E-Extract,fallback_d2,"[1, 'event_failed:over_budget(35>31)']",,2,0.2,,
finance__asset_management_96_12_4_10events,finance__asset_management_96_12_4_10events__20240121T000000,finance,train,1W,False,10,354,1495,E-Summary,fallback_d2,"[1, ""event_failed:ungrounded_words:['reached']""]",,2,0.2,,
pets__invasive_species_96_12_4_10events,pets__invasive_species_96_12_4_10events__20240218T000000,pets,train,1W,False,8,354,1516,D2,d2_reference,,,1,0.125,,
pets__invasive_species_96_12_4_10events,pets__invasive_species_96_12_4_10events__20240218T000000,pets,train,1W,False,8,354,1516,E-Extract,compressed,,224,8,1.0,8,0.8522427440633246
pets__invasive_species_96_12_4_10events,pets__invasive_species_96_12_4_10events__20240218T000000,pets,train,1W,False,8,354,1516,E-Summary,compressed,,210,8,1.0,8,0.8614775725593667
public_health__climate_change_96_12_4_10events,public_health__climate_change_96_12_4_10events__20240317T000000,public_health,train,1W,False,8,356,1531,D2,d2_reference,,,1,0.125,,
public_health__climate_change_96_12_4_10events,public_health__climate_change_96_12_4_10events__20240317T000000,public_health,train,1W,False,8,356,1531,E-Extract,compressed,,267,8,1.0,8,0.8256041802743305
public_health__climate_change_96_12_4_10events,public_health__climate_change_96_12_4_10events__20240317T000000,public_health,train,1W,False,8,356,1531,E-Summary,compressed,,206,8,1.0,8,0.8654474199869366
public_policy__human_rights_96_12_4_10events,public_policy__human_rights_96_12_4_10events__20231126T000000,public_policy,train,1W,False,10,329,1375,D2,d2_reference,,,2,0.2,,
public_policy__human_rights_96_12_4_10events,public_policy__human_rights_96_12_4_10events__20231126T000000,public_policy,train,1W,False,10,329,1375,E-Extract,fallback_d2,"[1, 'event_failed:partial_clause']",,2,0.2,,
public_policy__human_rights_96_12_4_10events,public_policy__human_rights_96_12_4_10events__20231126T000000,public_policy,train,1W,False,10,329,1375,E-Summary,compressed,,253,10,1.0,10,0.8160000000000001
science__nobel_prize_96_12_4_10events,science__nobel_prize_96_12_4_10events__20240609T000000,science,train,1W,False,10,341,1564,D2,d2_reference,,,2,0.2,,
science__nobel_prize_96_12_4_10events,science__nobel_prize_96_12_4_10events__20240609T000000,science,train,1W,False,10,341,1564,E-Extract,compressed,,243,10,1.0,10,0.8446291560102301
science__nobel_prize_96_12_4_10events,science__nobel_prize_96_12_4_10events__20240609T000000,science,train,1W,False,10,341,1564,E-Summary,fallback_d2,"[7, ""event_failed:ungrounded_words:['won']""]",,2,0.2,,
shopping__christmas_gifts_96_12_4_10events,shopping__christmas_gifts_96_12_4_10events__20240218T000000,shopping,train,1W,False,9,354,1503,D2,d2_reference,,,2,0.2222222222222222,,
shopping__christmas_gifts_96_12_4_10events,shopping__christmas_gifts_96_12_4_10events__20240218T000000,shopping,train,1W,False,9,354,1503,E-Extract,compressed,,271,9,1.0,9,0.8196939454424484
shopping__christmas_gifts_96_12_4_10events,shopping__christmas_gifts_96_12_4_10events__20240218T000000,shopping,train,1W,False,9,354,1503,E-Summary,compressed,,214,9,1.0,9,0.8576180971390552
society__data_privacy_96_12_4_10events,society__data_privacy_96_12_4_10events__20240707T000000,society,train,1W,False,8,356,1469,D2,d2_reference,,,2,0.25,,
society__data_privacy_96_12_4_10events,society__data_privacy_96_12_4_10events__20240707T000000,society,train,1W,False,8,356,1469,E-Extract,fallback_d2,"[3, 'event_failed:span_crosses_clauses']",,2,0.25,,
society__data_privacy_96_12_4_10events,society__data_privacy_96_12_4_10events__20240707T000000,society,train,1W,False,8,356,1469,E-Summary,compressed,,229,8,1.0,8,0.8441116405718175
traffic__electric_vehicle_96_12_4_10events,traffic__electric_vehicle_96_12_4_10events__20240414T000000,traffic,train,1W,False,8,341,1432,D2,d2_reference,,,1,0.125,,
traffic__electric_vehicle_96_12_4_10events,traffic__electric_vehicle_96_12_4_10events__20240414T000000,traffic,train,1W,False,8,341,1432,E-Extract,compressed,,252,8,1.0,8,0.8240223463687151
traffic__electric_vehicle_96_12_4_10events,traffic__electric_vehicle_96_12_4_10events__20240414T000000,traffic,train,1W,False,8,341,1432,E-Summary,fallback_d2,"[1, ""event_failed:not_grounded(forecast:['projected'])""]",,1,0.125,,
