scheme,scope,field,raw_median,raw_p90,raw_max,raw_sum,alloc_median,alloc_p90,alloc_max,alloc_sum,kept_frac_by_sum,cleaned_median,cleaned_p90,cleaned_max,cleaned_sum,shortening_by_sum,retention_by_sum
D0,full,Background,32.0,36.0,39,262088,32.0,36.0,39,262088,1.0,,,,,,
D0,full,Events,1327.0,1697.0,2228,10029180,270.0,270.0,270,2149118,0.21428651195810625,,,,,,
D0,full,Calendar,19.0,52.0,66,182328,19.0,52.0,64,182205,0.9993253916019481,,,,,,
D0,full,Covariates,459.0,491.0,520,3649104,128.0,128.0,128,1037568,0.2843350038804046,,,,,,
D0,test,Background,32.0,35.0,39,79497,32.0,35.0,39,79497,1.0,,,,,,
D0,test,Events,1313.0,1703.7000000000003,2162,3222233,270.0,270.0,270,667980,0.20730344453675448,,,,,,
D0,test,Calendar,21.0,56.0,66,62271,21.0,56.0,64,62269,0.9999678823208235,,,,,,
D0,test,Covariates,457.5,491.0,519,1110940,128.0,128.0,128,316672,0.2850486974994149,,,,,,
D1,full,Background,32.0,36.0,39,262088,32.0,36.0,39,262088,1.0,,,,,,
D1,full,Events,1327.0,1697.0,2228,10029180,327.0,349.0,350,2581430,0.2573919303472467,,,,,,
D1,full,Calendar,19.0,52.0,66,182328,19.0,52.0,64,182205,0.9993253916019481,,,,,,
D1,full,Covariates,459.0,491.0,520,3649104,128.0,128.0,409,1107669,0.3035454730805151,,,,,,
D1,test,Background,32.0,35.0,39,79497,32.0,35.0,39,79497,1.0,,,,,,
D1,test,Events,1313.0,1703.7000000000003,2162,3222233,326.0,349.0,350,803282,0.24929357994906018,,,,,,
D1,test,Calendar,21.0,56.0,66,62271,21.0,56.0,64,62269,0.9999678823208235,,,,,,
D1,test,Covariates,457.5,491.0,519,1110940,128.0,128.0,147,316692,0.2850667002718419,,,,,,
D2,full,Background,32.0,36.0,39,262088,16.0,20.0,23,132392,0.5051433106437533,16.0,20.0,23,132392,0.4948566893562467,1.0
D2,full,Events,1327.0,1697.0,2228,10029180,350.0,365.0,366,2726762,0.2718828458557928,1250.0,1584.0,2135,9423703,0.0603715358583653,0.28935143647884487
D2,full,Calendar,19.0,52.0,66,182328,12.0,45.0,59,142414,0.7810868325216094,12.0,45.0,59,142414,0.21891316747839062,1.0
D2,full,Covariates,459.0,491.0,520,3649104,128.0,128.0,439,1130947,0.30992457326510836,454.0,486.0,515,3608574,0.011106836089078254,0.3134055169715239
D2,test,Background,32.0,35.0,39,79497,16.0,19.0,23,39913,0.502069260475238,16.0,19.0,23,39913,0.49793073952476197,1.0
D2,test,Events,1313.0,1703.7000000000003,2162,3222233,349.0,365.0,366,855731,0.2655708013666299,1253.0,1599.0,2056,3068601,0.047678737074569044,0.27886681911398714
D2,test,Calendar,21.0,56.0,66,62271,14.0,49.0,59,49279,0.7913635560694384,14.0,49.0,59,49279,0.20863644393056158,1.0
D2,test,Covariates,457.5,491.0,519,1110940,128.0,128.0,217,316817,0.2851792175995103,452.5,486.0,514,1098570,0.011134714746070862,0.28839036201607543
