scheme,scope,domain,n,content_median,content_p90,content_max,idle_median,idle_p90,idle_max,still_truncated_frac,ev_total,ev_complete,ev_partial,ev_absent,ev_complete_frac,cv_entries,cv_complete,cv_complete_frac,cv_win_partial_frac
D0,full,CropsAndStaples,724,432.0,454.0,474,78.0,80.0,260,1.0,5932,1130,648,4154,0.19049224544841536,7240,1448,0.2,1.0
D0,full,Currency,740,437.0,459.0,498,73.0,75.0,255,1.0,6271,952,673,4646,0.15180991867325785,6660,1480,0.2222222222222222,1.0
D0,full,EnergyAndFuels,671,433.0,454.0,486,77.0,80.0,233,1.0,4823,1009,608,3206,0.20920588845117147,6039,1342,0.2222222222222222,1.0
D0,full,LivestockAndFoodProducts,666,432.0,454.0,495,78.0,80.0,281,1.0,5190,971,602,3617,0.18709055876685934,5994,1332,0.2222222222222222,1.0
D0,full,RawMaterialsAndConstruction,642,434.0,454.0,472,76.0,80.0,270,1.0,4961,985,570,3406,0.19854867970167306,5778,1284,0.2222222222222222,1.0
D0,full,SpecialtyAndAdvancedMaterials,448,435.0,455.0,471,75.0,79.0,215,1.0,3420,608,413,2399,0.17777777777777778,2926,894,0.30553656869446344,0.9553571428571429
D0,full,StrategicAndHighValueMaterials,715,433.0,454.0,475,77.0,80.0,228,1.0,5536,956,637,3943,0.1726878612716763,6391,1380,0.21592864966358943,0.9412587412587412
D0,full,arts,281,467.0,486.0,494,43.0,62.0,174,1.0,2265,391,278,1596,0.17262693156732892,2268,562,0.24779541446208111,1.0
D0,full,climate,290,466.0,486.0,493,44.0,63.0,64,1.0,2646,330,288,2028,0.12471655328798185,2610,580,0.2222222222222222,1.0
D0,full,economy,290,466.0,486.0,493,44.0,63.0,64,1.0,2407,338,290,1779,0.14042376402160367,2610,580,0.2222222222222222,1.0
D0,full,electronic_technology,290,466.0,485.0,493,44.0,63.0,64,1.0,2574,343,286,1945,0.13325563325563325,2610,580,0.2222222222222222,1.0
D0,full,finance,290,467.0,486.0,495,43.0,63.0,63,1.0,2581,345,289,1947,0.1336691204959318,2610,580,0.2222222222222222,1.0
D0,full,pets,290,467.0,486.0,492,43.0,63.0,64,1.0,2554,317,288,1949,0.12411902897415818,2610,580,0.2222222222222222,1.0
D0,full,public_health,290,466.0,486.0,494,44.0,63.0,64,1.0,2510,302,290,1918,0.12031872509960159,2610,580,0.2222222222222222,1.0
D0,full,public_policy,319,467.0,486.0,492,43.0,63.0,63,1.0,2791,397,317,2077,0.14224292368326766,3190,638,0.2,1.0
D0,full,science,290,467.0,486.0,492,43.0,63.0,64,1.0,2660,314,289,2057,0.11804511278195488,2610,580,0.2222222222222222,1.0
D0,full,shopping,290,467.0,486.0,493,43.0,62.0,63,1.0,2611,333,290,1988,0.1275373420145538,2610,580,0.2222222222222222,1.0
D0,full,society,290,467.0,486.0,494,43.0,63.0,64,1.0,2503,315,289,1899,0.12584898122253296,2610,580,0.2222222222222222,1.0
D0,full,traffic,290,467.0,486.0,493,43.0,63.0,64,1.0,2580,331,288,1961,0.12829457364341085,2610,580,0.2222222222222222,1.0
D0,test,CropsAndStaples,188,449.0,455.0,465,61.0,80.0,80,1.0,1791,355,187,1249,0.19821328866554996,1880,376,0.2,1.0
D0,test,Currency,180,455.0,460.0,469,55.0,74.0,75,1.0,1661,265,178,1218,0.15954244431065623,1620,360,0.2222222222222222,1.0
D0,test,EnergyAndFuels,171,449.0,455.0,465,61.0,80.0,80,1.0,1571,299,168,1104,0.19032463399108848,1539,342,0.2222222222222222,1.0
D0,test,LivestockAndFoodProducts,318,449.0,454.0,495,61.0,80.0,80,1.0,3003,531,316,2156,0.17682317682317683,2862,636,0.2222222222222222,1.0
D0,test,RawMaterialsAndConstruction,172,449.0,454.0,464,61.0,80.0,80,1.0,1609,317,171,1121,0.19701678060907396,1548,344,0.2222222222222222,1.0
D0,test,SpecialtyAndAdvancedMaterials,117,435.0,455.0,471,75.0,79.0,79,1.0,1129,202,113,814,0.17891939769707707,819,232,0.28327228327228327,0.9230769230769231
D0,test,StrategicAndHighValueMaterials,178,449.0,455.0,465,61.0,79.0,80,1.0,1672,295,173,1204,0.17643540669856458,1602,318,0.19850187265917604,0.8033707865168539
D0,test,arts,151,467.0,486.0,488,43.0,62.0,63,1.0,1250,221,150,879,0.1768,1215,302,0.248559670781893,1.0
D0,test,climate,90,467.0,485.0,487,43.0,62.10000000000001,64,1.0,840,114,90,636,0.1357142857142857,810,180,0.2222222222222222,1.0
D0,test,economy,90,467.0,485.0,487,43.0,62.0,64,1.0,779,117,90,572,0.15019255455712452,810,180,0.2222222222222222,1.0
D0,test,electronic_technology,90,467.0,485.0,487,43.0,62.0,64,1.0,829,135,86,608,0.16284680337756333,810,180,0.2222222222222222,1.0
D0,test,finance,90,467.0,486.0,489,43.0,60.300000000000026,63,1.0,824,135,90,599,0.1638349514563107,810,180,0.2222222222222222,1.0
D0,test,pets,90,467.0,485.1,486,43.0,63.0,64,1.0,821,116,90,615,0.14129110840438489,810,180,0.2222222222222222,1.0
D0,test,public_health,90,467.0,485.1,488,43.0,61.20000000000002,64,1.0,828,112,90,626,0.13526570048309178,810,180,0.2222222222222222,1.0
D0,test,public_policy,99,467.0,486.0,486,43.0,63.0,63,1.0,914,149,97,668,0.16301969365426697,990,198,0.2,1.0
D0,test,science,90,467.0,485.1,486,43.0,63.0,64,1.0,840,118,89,633,0.14047619047619048,810,180,0.2222222222222222,1.0
D0,test,shopping,90,468.0,486.0,487,42.0,62.0,63,1.0,815,123,90,602,0.150920245398773,810,180,0.2222222222222222,1.0
D0,test,society,90,467.0,486.0,488,43.0,61.20000000000002,64,1.0,824,113,89,622,0.13713592233009708,810,180,0.2222222222222222,1.0
D0,test,traffic,90,467.0,485.1,487,43.0,62.10000000000001,64,1.0,831,124,89,618,0.14921780986762936,810,180,0.2222222222222222,1.0
D1,full,CropsAndStaples,724,510.0,510.0,510,0.0,0.0,0,1.0,5932,1516,641,3775,0.25556304787592715,7240,1691,0.2335635359116022,0.9972375690607734
D1,full,Currency,740,510.0,510.0,510,0.0,0.0,0,1.0,6271,1246,664,4361,0.1986923935576463,6660,1659,0.2490990990990991,1.0
D1,full,EnergyAndFuels,671,510.0,510.0,510,0.0,0.0,0,1.0,4823,1343,583,2897,0.2784573916649388,6039,1502,0.24871667494618313,0.9940387481371088
D1,full,LivestockAndFoodProducts,666,510.0,510.0,510,0.0,0.0,0,1.0,5190,1323,576,3291,0.2549132947976879,5994,1556,0.2595929262595929,0.9984984984984985
D1,full,RawMaterialsAndConstruction,642,510.0,510.0,510,0.0,0.0,0,1.0,4961,1238,567,3156,0.24954646240677283,5778,1448,0.25060574593284873,0.9984423676012462
D1,full,SpecialtyAndAdvancedMaterials,448,510.0,510.0,510,0.0,0.0,61,0.9598214285714286,3420,780,406,2234,0.22807017543859648,2926,967,0.3304853041695147,0.9129464285714286
D1,full,StrategicAndHighValueMaterials,715,510.0,510.0,510,0.0,0.0,0,1.0,5536,1259,624,3653,0.22742052023121387,6391,1565,0.24487560632138947,0.9384615384615385
D1,full,arts,281,510.0,510.0,510,0.0,0.0,0,1.0,2265,467,276,1522,0.20618101545253864,2268,569,0.2508818342151676,1.0
D1,full,climate,290,510.0,510.0,510,0.0,0.0,0,1.0,2646,395,290,1961,0.14928193499622072,2610,580,0.2222222222222222,1.0
D1,full,economy,290,510.0,510.0,510,0.0,0.0,0,1.0,2407,409,290,1708,0.16992106356460324,2610,580,0.2222222222222222,1.0
D1,full,electronic_technology,290,510.0,510.0,510,0.0,0.0,0,1.0,2574,400,288,1886,0.1554001554001554,2610,580,0.2222222222222222,1.0
D1,full,finance,290,510.0,510.0,510,0.0,0.0,0,1.0,2581,404,288,1889,0.15652847733436653,2610,580,0.2222222222222222,1.0
D1,full,pets,290,510.0,510.0,510,0.0,0.0,0,1.0,2554,380,287,1887,0.14878621769772904,2610,580,0.2222222222222222,1.0
D1,full,public_health,290,510.0,510.0,510,0.0,0.0,0,1.0,2510,364,290,1856,0.1450199203187251,2610,580,0.2222222222222222,1.0
D1,full,public_policy,319,510.0,510.0,510,0.0,0.0,0,1.0,2791,465,319,2007,0.16660695091365102,3190,638,0.2,1.0
D1,full,science,290,510.0,510.0,510,0.0,0.0,0,1.0,2660,385,289,1986,0.14473684210526316,2610,580,0.2222222222222222,1.0
D1,full,shopping,290,510.0,510.0,510,0.0,0.0,0,1.0,2611,409,289,1913,0.156644963615473,2610,580,0.2222222222222222,1.0
D1,full,society,290,510.0,510.0,510,0.0,0.0,0,1.0,2503,382,288,1833,0.15261685976827807,2610,580,0.2222222222222222,1.0
D1,full,traffic,290,510.0,510.0,510,0.0,0.0,0,1.0,2580,403,286,1891,0.1562015503875969,2610,580,0.2222222222222222,1.0
D1,test,CropsAndStaples,188,510.0,510.0,510,0.0,0.0,0,1.0,1791,459,187,1145,0.2562814070351759,1880,376,0.2,1.0
D1,test,Currency,180,510.0,510.0,510,0.0,0.0,0,1.0,1661,348,177,1136,0.2095123419626731,1620,360,0.2222222222222222,1.0
D1,test,EnergyAndFuels,171,510.0,510.0,510,0.0,0.0,0,1.0,1571,402,169,1000,0.2558879694462126,1539,342,0.2222222222222222,1.0
D1,test,LivestockAndFoodProducts,318,510.0,510.0,510,0.0,0.0,0,1.0,3003,704,316,1983,0.23443223443223443,2862,636,0.2222222222222222,1.0
D1,test,RawMaterialsAndConstruction,172,510.0,510.0,510,0.0,0.0,0,1.0,1609,405,172,1032,0.2517091361093847,1548,344,0.2222222222222222,1.0
D1,test,SpecialtyAndAdvancedMaterials,117,510.0,510.0,510,0.0,0.0,0,1.0,1129,261,116,752,0.23117803365810452,819,232,0.28327228327228327,0.9230769230769231
D1,test,StrategicAndHighValueMaterials,178,510.0,510.0,510,0.0,0.0,0,1.0,1672,390,175,1107,0.2332535885167464,1602,318,0.19850187265917604,0.8033707865168539
D1,test,arts,151,510.0,510.0,510,0.0,0.0,0,1.0,1250,257,148,845,0.2056,1215,302,0.248559670781893,1.0
D1,test,climate,90,510.0,510.0,510,0.0,0.0,0,1.0,840,133,90,617,0.15833333333333333,810,180,0.2222222222222222,1.0
D1,test,economy,90,510.0,510.0,510,0.0,0.0,0,1.0,779,139,90,550,0.17843388960205392,810,180,0.2222222222222222,1.0
D1,test,electronic_technology,90,510.0,510.0,510,0.0,0.0,0,1.0,829,160,88,581,0.19300361881785283,810,180,0.2222222222222222,1.0
D1,test,finance,90,510.0,510.0,510,0.0,0.0,0,1.0,824,158,88,578,0.19174757281553398,810,180,0.2222222222222222,1.0
D1,test,pets,90,510.0,510.0,510,0.0,0.0,0,1.0,821,136,88,597,0.1656516443361754,810,180,0.2222222222222222,1.0
D1,test,public_health,90,510.0,510.0,510,0.0,0.0,0,1.0,828,128,90,610,0.15458937198067632,810,180,0.2222222222222222,1.0
D1,test,public_policy,99,510.0,510.0,510,0.0,0.0,0,1.0,914,180,99,635,0.19693654266958424,990,198,0.2,1.0
D1,test,science,90,510.0,510.0,510,0.0,0.0,0,1.0,840,138,90,612,0.16428571428571428,810,180,0.2222222222222222,1.0
D1,test,shopping,90,510.0,510.0,510,0.0,0.0,0,1.0,815,154,89,572,0.18895705521472392,810,180,0.2222222222222222,1.0
D1,test,society,90,510.0,510.0,510,0.0,0.0,0,1.0,824,134,90,600,0.16262135922330098,810,180,0.2222222222222222,1.0
D1,test,traffic,90,510.0,510.0,510,0.0,0.0,0,1.0,831,150,89,592,0.18050541516245489,810,180,0.2222222222222222,1.0
D2,full,CropsAndStaples,724,510.0,510.0,510,0.0,0.0,0,1.0,5932,1760,627,3545,0.29669588671611596,7240,1773,0.24488950276243093,1.0
D2,full,Currency,740,510.0,510.0,510,0.0,0.0,0,1.0,6271,1487,671,4113,0.2371232658268219,6660,1719,0.2581081081081081,1.0
D2,full,EnergyAndFuels,671,510.0,510.0,510,0.0,0.0,0,1.0,4823,1581,568,2674,0.3278042712004976,6039,1595,0.2641165755919854,0.9985096870342772
D2,full,LivestockAndFoodProducts,666,510.0,510.0,510,0.0,0.0,0,1.0,5190,1582,565,3043,0.3048169556840077,5994,1632,0.2722722722722723,0.9954954954954955
D2,full,RawMaterialsAndConstruction,642,510.0,510.0,510,0.0,0.0,0,1.0,4961,1486,552,2923,0.29953638379359,5778,1495,0.25874004845967463,1.0
D2,full,SpecialtyAndAdvancedMaterials,448,510.0,510.0,510,0.0,0.0,96,0.9419642857142857,3420,938,387,2095,0.2742690058479532,2926,1002,0.342447026657553,0.9397321428571429
D2,full,StrategicAndHighValueMaterials,715,510.0,510.0,510,0.0,0.0,0,1.0,5536,1489,605,3442,0.2689667630057804,6391,1687,0.26396495071193865,0.9958041958041958
D2,full,arts,281,510.0,510.0,510,0.0,0.0,0,1.0,2265,574,273,1418,0.25342163355408387,2268,575,0.2535273368606702,1.0
D2,full,climate,290,510.0,510.0,510,0.0,0.0,0,1.0,2646,482,289,1875,0.18216175359032502,2610,580,0.2222222222222222,1.0
D2,full,economy,290,510.0,510.0,510,0.0,0.0,0,1.0,2407,503,286,1618,0.20897382633984213,2610,580,0.2222222222222222,1.0
D2,full,electronic_technology,290,510.0,510.0,510,0.0,0.0,0,1.0,2574,516,288,1770,0.20046620046620048,2610,580,0.2222222222222222,1.0
D2,full,finance,290,510.0,510.0,510,0.0,0.0,0,1.0,2581,502,289,1790,0.19449825648973265,2610,580,0.2222222222222222,1.0
D2,full,pets,290,510.0,510.0,510,0.0,0.0,0,1.0,2554,474,288,1792,0.1855912294440094,2610,580,0.2222222222222222,1.0
D2,full,public_health,290,510.0,510.0,510,0.0,0.0,0,1.0,2510,433,290,1787,0.17250996015936254,2610,580,0.2222222222222222,1.0
D2,full,public_policy,319,510.0,510.0,510,0.0,0.0,0,1.0,2791,580,316,1895,0.20781082049444644,3190,638,0.2,1.0
D2,full,science,290,510.0,510.0,510,0.0,0.0,0,1.0,2660,465,288,1907,0.17481203007518797,2610,580,0.2222222222222222,1.0
D2,full,shopping,290,510.0,510.0,510,0.0,0.0,0,1.0,2611,497,289,1825,0.1903485254691689,2610,580,0.2222222222222222,1.0
D2,full,society,290,510.0,510.0,510,0.0,0.0,0,1.0,2503,468,286,1749,0.1869756292449061,2610,580,0.2222222222222222,1.0
D2,full,traffic,290,510.0,510.0,510,0.0,0.0,0,1.0,2580,506,289,1785,0.19612403100775194,2610,580,0.2222222222222222,1.0
D2,test,CropsAndStaples,188,510.0,510.0,510,0.0,0.0,0,1.0,1791,528,188,1075,0.2948073701842546,1880,376,0.2,1.0
D2,test,Currency,180,510.0,510.0,510,0.0,0.0,0,1.0,1661,410,180,1071,0.24683925346177002,1620,360,0.2222222222222222,1.0
D2,test,EnergyAndFuels,171,510.0,510.0,510,0.0,0.0,0,1.0,1571,458,170,943,0.2915340547422024,1539,342,0.2222222222222222,1.0
D2,test,LivestockAndFoodProducts,318,510.0,510.0,510,0.0,0.0,0,1.0,3003,834,316,1853,0.2777222777222777,2862,636,0.2222222222222222,1.0
D2,test,RawMaterialsAndConstruction,172,510.0,510.0,510,0.0,0.0,0,1.0,1609,474,167,968,0.29459291485394656,1548,344,0.2222222222222222,1.0
D2,test,SpecialtyAndAdvancedMaterials,117,510.0,510.0,510,0.0,0.0,0,1.0,1129,295,116,718,0.2612931798051373,819,234,0.2857142857142857,1.0
D2,test,StrategicAndHighValueMaterials,178,510.0,510.0,510,0.0,0.0,0,1.0,1672,452,174,1046,0.2703349282296651,1602,356,0.2222222222222222,1.0
D2,test,arts,151,510.0,510.0,510,0.0,0.0,0,1.0,1250,317,148,785,0.2536,1215,305,0.25102880658436216,1.0
D2,test,climate,90,510.0,510.0,510,0.0,0.0,0,1.0,840,160,90,590,0.19047619047619047,810,180,0.2222222222222222,1.0
D2,test,economy,90,510.0,510.0,510,0.0,0.0,0,1.0,779,171,89,519,0.21951219512195122,810,180,0.2222222222222222,1.0
D2,test,electronic_technology,90,510.0,510.0,510,0.0,0.0,0,1.0,829,192,89,548,0.2316043425814234,810,180,0.2222222222222222,1.0
D2,test,finance,90,510.0,510.0,510,0.0,0.0,0,1.0,824,184,90,550,0.22330097087378642,810,180,0.2222222222222222,1.0
D2,test,pets,90,510.0,510.0,510,0.0,0.0,0,1.0,821,161,89,571,0.1961023142509135,810,180,0.2222222222222222,1.0
D2,test,public_health,90,510.0,510.0,510,0.0,0.0,0,1.0,828,151,90,587,0.1823671497584541,810,180,0.2222222222222222,1.0
D2,test,public_policy,99,510.0,510.0,510,0.0,0.0,0,1.0,914,211,98,605,0.23085339168490154,990,198,0.2,1.0
D2,test,science,90,510.0,510.0,510,0.0,0.0,0,1.0,840,165,88,587,0.19642857142857142,810,180,0.2222222222222222,1.0
D2,test,shopping,90,510.0,510.0,510,0.0,0.0,0,1.0,815,183,89,543,0.2245398773006135,810,180,0.2222222222222222,1.0
D2,test,society,90,510.0,510.0,510,0.0,0.0,0,1.0,824,161,90,573,0.1953883495145631,810,180,0.2222222222222222,1.0
D2,test,traffic,90,510.0,510.0,510,0.0,0.0,0,1.0,831,183,90,558,0.22021660649819494,810,180,0.2222222222222222,1.0
