scheme,scope,domain,field,raw_median,raw_p90,alloc_median,alloc_sum,raw_sum,cleaned_median,cleaned_sum
D0,full,CropsAndStaples,Background,33.0,34.0,33.0,23819,23819,33.0,23819
D0,full,CropsAndStaples,Events,1214.0,1509.8000000000002,270.0,187102,772847,1214.0,772847
D0,full,CropsAndStaples,Calendar,0.0,23.0,0.0,7242,7242,0.0,7242
D0,full,CropsAndStaples,Covariates,511.0,516.0,128.0,92672,370355,511.0,370355
D0,full,Currency,Background,38.0,39.0,38.0,28135,28135,38.0,28135
D0,full,Currency,Events,1353.5,1646.0000000000002,270.0,193718,910518,1353.5,910518
D0,full,Currency,Calendar,0.0,23.0,0.0,7893,7893,0.0,7893
D0,full,Currency,Covariates,468.0,468.0,128.0,94720,346032,468.0,346032
D0,full,EnergyAndFuels,Background,33.0,35.0,33.0,22272,22272,33.0,22272
D0,full,EnergyAndFuels,Events,1054.0,1432.0,270.0,176756,635418,1054.0,635418
D0,full,EnergyAndFuels,Calendar,0.0,23.0,0.0,6931,6931,0.0,6931
D0,full,EnergyAndFuels,Covariates,462.0,465.0,128.0,85888,309815,462.0,309815
D0,full,LivestockAndFoodProducts,Background,33.0,35.0,33.0,22052,22052,33.0,22052
D0,full,LivestockAndFoodProducts,Events,1159.0,1480.0,270.0,173133,683164,1159.0,683164
D0,full,LivestockAndFoodProducts,Calendar,0.0,23.0,0.0,6925,6927,0.0,6927
D0,full,LivestockAndFoodProducts,Covariates,462.0,465.0,128.0,85248,307175,462.0,307175
D0,full,RawMaterialsAndConstruction,Background,32.0,36.0,32.0,21276,21276,32.0,21276
D0,full,RawMaterialsAndConstruction,Events,1160.0,1596.0,270.0,168638,687337,1160.0,687337
D0,full,RawMaterialsAndConstruction,Calendar,0.0,23.0,0.0,6625,6625,0.0,6625
D0,full,RawMaterialsAndConstruction,Covariates,479.0,484.0,128.0,82176,307710,479.0,307710
D0,full,SpecialtyAndAdvancedMaterials,Background,34.0,35.0,34.0,15375,15375,34.0,15375
D0,full,SpecialtyAndAdvancedMaterials,Events,1190.0,1650.0,270.0,118453,492773,1190.0,492773
D0,full,SpecialtyAndAdvancedMaterials,Calendar,19.0,23.0,19.0,4827,4827,19.0,4827
D0,full,SpecialtyAndAdvancedMaterials,Covariates,381.0,386.0,128.0,57344,160712,381.0,160712
D0,full,StrategicAndHighValueMaterials,Background,33.0,35.0,33.0,24003,24003,33.0,24003
D0,full,StrategicAndHighValueMaterials,Events,1267.0,1588.2,270.0,186536,797338,1267.0,797338
D0,full,StrategicAndHighValueMaterials,Calendar,0.0,23.0,0.0,7580,7580,0.0,7580
D0,full,StrategicAndHighValueMaterials,Covariates,486.0,491.0,128.0,91520,345624,486.0,345624
D0,full,arts,Background,30.0,31.0,30.0,8557,8557,30.0,8557
D0,full,arts,Events,1215.0,1639.0,270.0,75652,327058,1215.0,327058
D0,full,arts,Calendar,39.0,58.0,39.0,10750,10760,39.0,10760
D0,full,arts,Covariates,386.0,386.0,128.0,35968,109279,386.0,109279
D0,full,climate,Background,30.0,30.100000000000023,30.0,8671,8671,30.0,8671
D0,full,climate,Events,1535.5,1808.1,270.0,78300,442252,1535.5,442252
D0,full,climate,Calendar,39.0,58.0,39.0,11120,11130,39.0,11130
D0,full,climate,Covariates,427.0,428.0,128.0,37120,123859,427.0,123859
D0,full,economy,Background,30.0,31.0,30.0,8700,8700,30.0,8700
D0,full,economy,Events,1342.5,1625.5,270.0,78300,382320,1342.5,382320
D0,full,economy,Calendar,39.0,58.0,39.0,11120,11130,39.0,11130
D0,full,economy,Covariates,428.0,429.0,128.0,37120,124120,428.0,124120
D0,full,electronic_technology,Background,29.5,31.0,29.5,8613,8613,29.5,8613
D0,full,electronic_technology,Events,1463.5,1764.0,270.0,78300,423099,1463.5,423099
D0,full,electronic_technology,Calendar,39.0,58.0,39.0,11120,11130,39.0,11130
D0,full,electronic_technology,Covariates,425.5,426.0,128.0,37120,123337,425.5,123337
D0,full,finance,Background,30.0,30.300000000000068,30.0,8787,8787,30.0,8787
D0,full,finance,Events,1486.5,1751.4,270.0,78300,415574,1486.5,415574
D0,full,finance,Calendar,39.0,58.0,39.0,11120,11130,39.0,11130
D0,full,finance,Covariates,431.0,431.0,128.0,37120,124903,431.0,124903
D0,full,pets,Background,30.0,30.0,30.0,8671,8671,30.0,8671
D0,full,pets,Events,1475.5,1797.0,270.0,78300,428923,1475.5,428923
D0,full,pets,Calendar,39.0,58.0,39.0,11120,11130,39.0,11130
D0,full,pets,Covariates,427.0,427.1,128.0,37120,123859,427.0,123859
D0,full,public_health,Background,30.0,30.200000000000045,30.0,8700,8700,30.0,8700
D0,full,public_health,Events,1527.0,1860.1,270.0,78300,443328,1527.0,443328
D0,full,public_health,Calendar,39.0,58.0,39.0,11120,11130,39.0,11130
D0,full,public_health,Covariates,428.0,429.0,128.0,37120,124120,428.0,124120
D0,full,public_policy,Background,30.0,30.0,30.0,9570,9570,30.0,9570
D0,full,public_policy,Events,1421.0,1718.0,270.0,86130,446365,1421.0,446365
D0,full,public_policy,Calendar,39.0,58.0,39.0,12232,12243,39.0,12243
D0,full,public_policy,Covariates,473.0,473.0,128.0,40832,150887,473.0,150887
D0,full,science,Background,30.0,30.0,30.0,8671,8671,30.0,8671
D0,full,science,Events,1586.5,1857.2,270.0,78300,454489,1586.5,454489
D0,full,science,Calendar,39.0,58.0,39.0,11120,11130,39.0,11130
D0,full,science,Covariates,427.0,428.0,128.0,37120,123886,427.0,123886
D0,full,shopping,Background,30.0,31.0,30.0,8787,8787,30.0,8787
D0,full,shopping,Events,1514.5,1842.5000000000005,270.0,78300,428279,1514.5,428279
D0,full,shopping,Calendar,39.0,58.0,39.0,11120,11130,39.0,11130
D0,full,shopping,Covariates,431.0,431.0,128.0,37120,124903,431.0,124903
D0,full,society,Background,30.0,30.200000000000045,30.0,8729,8729,30.0,8729
D0,full,society,Events,1479.0,1812.0,270.0,78300,429872,1479.0,429872
D0,full,society,Calendar,39.0,58.0,39.0,11120,11130,39.0,11130
D0,full,society,Covariates,429.0,430.0,128.0,37120,124408,429.0,124408
D0,full,traffic,Background,30.0,30.100000000000023,30.0,8700,8700,30.0,8700
D0,full,traffic,Events,1494.0,1770.1,270.0,78300,428226,1494.0,428226
D0,full,traffic,Calendar,39.0,58.0,39.0,11120,11130,39.0,11130
D0,full,traffic,Covariates,428.0,428.1,128.0,37120,124120,428.0,124120
D0,test,CropsAndStaples,Background,33.0,34.0,33.0,6185,6185,33.0,6185
D0,test,CropsAndStaples,Events,1173.5,1558.6000000000001,270.0,50760,220004,1173.5,220004
D0,test,CropsAndStaples,Calendar,19.0,24.0,19.0,2155,2155,19.0,2155
D0,test,CropsAndStaples,Covariates,512.0,516.0,128.0,24064,96217,512.0,96217
D0,test,Currency,Background,38.0,38.099999999999994,38.0,6840,6840,38.0,6840
D0,test,Currency,Events,1306.0,1606.8999999999999,270.0,48600,228142,1306.0,228142
D0,test,Currency,Calendar,19.0,24.0,19.0,2140,2140,19.0,2140
D0,test,Currency,Covariates,468.0,468.1,128.0,23040,84168,468.0,84168
D0,test,EnergyAndFuels,Background,33.0,35.0,33.0,5673,5673,33.0,5673
D0,test,EnergyAndFuels,Events,1199.0,1433.0,270.0,46170,196893,1199.0,196893
D0,test,EnergyAndFuels,Calendar,19.0,24.0,19.0,2003,2003,19.0,2003
D0,test,EnergyAndFuels,Covariates,462.0,465.0,128.0,21888,78800,462.0,78800
D0,test,LivestockAndFoodProducts,Background,33.0,35.0,33.0,10525,10525,33.0,10525
D0,test,LivestockAndFoodProducts,Events,1199.0,1513.5,270.0,85860,381847,1199.0,381847
D0,test,LivestockAndFoodProducts,Calendar,19.0,23.0,19.0,3522,3524,19.0,3524
D0,test,LivestockAndFoodProducts,Covariates,462.0,465.0,128.0,40704,146810,462.0,146810
D0,test,RawMaterialsAndConstruction,Background,32.0,36.0,32.0,5705,5705,32.0,5705
D0,test,RawMaterialsAndConstruction,Events,1159.5,1588.3000000000002,270.0,46440,203957,1159.5,203957
D0,test,RawMaterialsAndConstruction,Calendar,19.0,23.0,19.0,2011,2011,19.0,2011
D0,test,RawMaterialsAndConstruction,Covariates,479.0,483.0,128.0,22016,82310,479.0,82310
D0,test,SpecialtyAndAdvancedMaterials,Background,34.0,37.0,34.0,4020,4020,34.0,4020
D0,test,SpecialtyAndAdvancedMaterials,Events,1219.0,1689.6,270.0,31590,148317,1219.0,148317
D0,test,SpecialtyAndAdvancedMaterials,Calendar,0.0,23.0,0.0,1235,1235,0.0,1235
D0,test,SpecialtyAndAdvancedMaterials,Covariates,383.0,387.4,128.0,14976,44776,383.0,44776
D0,test,StrategicAndHighValueMaterials,Background,33.0,35.0,33.0,5978,5978,33.0,5978
D0,test,StrategicAndHighValueMaterials,Events,1235.0,1641.1000000000001,270.0,48060,221118,1235.0,221118
D0,test,StrategicAndHighValueMaterials,Calendar,19.0,23.0,19.0,2053,2053,19.0,2053
D0,test,StrategicAndHighValueMaterials,Covariates,490.0,493.0,128.0,22784,87144,490.0,87144
D0,test,arts,Background,30.0,31.0,30.0,4592,4592,30.0,4592
D0,test,arts,Events,1170.0,1718.0,270.0,40770,180721,1170.0,180721
D0,test,arts,Calendar,39.0,58.0,39.0,6080,6080,39.0,6080
D0,test,arts,Covariates,386.0,386.0,128.0,19328,58553,386.0,58553
D0,test,climate,Background,30.0,30.10000000000001,30.0,2691,2691,30.0,2691
D0,test,climate,Events,1498.5,1760.5,270.0,24300,133672,1498.5,133672
D0,test,climate,Calendar,39.0,58.0,39.0,3700,3700,39.0,3700
D0,test,climate,Covariates,427.0,428.0,128.0,11520,38439,427.0,38439
D0,test,economy,Background,30.0,31.0,30.0,2700,2700,30.0,2700
D0,test,economy,Events,1344.0,1638.7000000000005,270.0,24300,121000,1344.0,121000
D0,test,economy,Calendar,39.0,58.0,39.0,3700,3700,39.0,3700
D0,test,economy,Covariates,428.0,429.0,128.0,11520,38520,428.0,38520
D0,test,electronic_technology,Background,29.5,31.0,29.5,2673,2673,29.5,2673
D0,test,electronic_technology,Events,1417.0,1757.1,270.0,24300,126627,1417.0,126627
D0,test,electronic_technology,Calendar,39.0,58.0,39.0,3700,3700,39.0,3700
D0,test,electronic_technology,Covariates,425.5,426.0,128.0,11520,38277,425.5,38277
D0,test,finance,Background,30.0,30.300000000000026,30.0,2727,2727,30.0,2727
D0,test,finance,Events,1327.5,1697.5,270.0,24300,121614,1327.5,121614
D0,test,finance,Calendar,39.0,58.0,39.0,3700,3700,39.0,3700
D0,test,finance,Covariates,431.0,431.0,128.0,11520,38763,431.0,38763
D0,test,pets,Background,30.0,30.0,30.0,2691,2691,30.0,2691
D0,test,pets,Events,1472.0,1720.4000000000003,270.0,24300,132858,1472.0,132858
D0,test,pets,Calendar,39.0,58.0,39.0,3700,3700,39.0,3700
D0,test,pets,Covariates,427.0,427.1,128.0,11520,38439,427.0,38439
D0,test,public_health,Background,30.0,30.200000000000017,30.0,2700,2700,30.0,2700
D0,test,public_health,Events,1546.0,1795.7000000000003,270.0,24300,137518,1546.0,137518
D0,test,public_health,Calendar,39.0,58.0,39.0,3700,3700,39.0,3700
D0,test,public_health,Covariates,428.0,429.0,128.0,11520,38520,428.0,38520
D0,test,public_policy,Background,30.0,30.0,30.0,2970,2970,30.0,2970
D0,test,public_policy,Events,1438.0,1718.0,270.0,26730,136185,1438.0,136185
D0,test,public_policy,Calendar,39.0,58.0,39.0,4070,4070,39.0,4070
D0,test,public_policy,Covariates,473.0,473.0,128.0,12672,46827,473.0,46827
D0,test,science,Background,30.0,30.0,30.0,2691,2691,30.0,2691
D0,test,science,Events,1605.0,1858.9,270.0,24300,137997,1605.0,137997
D0,test,science,Calendar,39.0,58.0,39.0,3700,3700,39.0,3700
D0,test,science,Covariates,427.0,428.0,128.0,11520,38466,427.0,38466
D0,test,shopping,Background,30.0,31.0,30.0,2727,2727,30.0,2727
D0,test,shopping,Events,1450.0,1799.9,270.0,24300,126312,1450.0,126312
D0,test,shopping,Calendar,39.0,58.0,39.0,3700,3700,39.0,3700
D0,test,shopping,Covariates,431.0,431.0,128.0,11520,38763,431.0,38763
D0,test,society,Background,30.0,30.200000000000017,30.0,2709,2709,30.0,2709
D0,test,society,Events,1497.5,1852.0,270.0,24300,136469,1497.5,136469
D0,test,society,Calendar,39.0,58.0,39.0,3700,3700,39.0,3700
D0,test,society,Covariates,429.0,430.0,128.0,11520,38628,429.0,38628
D0,test,traffic,Background,30.0,30.10000000000001,30.0,2700,2700,30.0,2700
D0,test,traffic,Events,1451.0,1768.3,270.0,24300,130982,1451.0,130982
D0,test,traffic,Calendar,39.0,58.0,39.0,3700,3700,39.0,3700
D0,test,traffic,Covariates,428.0,428.1,128.0,11520,38520,428.0,38520
D1,full,CropsAndStaples,Background,33.0,34.0,33.0,23819,23819,33.0,23819
D1,full,CropsAndStaples,Events,1214.0,1509.8000000000002,331.0,231994,772847,1214.0,772847
D1,full,CropsAndStaples,Calendar,0.0,23.0,0.0,7242,7242,0.0,7242
D1,full,CropsAndStaples,Covariates,511.0,516.0,128.0,106185,370355,511.0,370355
D1,full,Currency,Background,38.0,39.0,38.0,28135,28135,38.0,28135
D1,full,Currency,Events,1353.5,1646.0000000000002,325.0,236741,910518,1353.5,910518
D1,full,Currency,Calendar,0.0,23.0,0.0,7893,7893,0.0,7893
D1,full,Currency,Covariates,468.0,468.0,128.0,104631,346032,468.0,346032
D1,full,EnergyAndFuels,Background,33.0,35.0,33.0,22272,22272,33.0,22272
D1,full,EnergyAndFuels,Events,1054.0,1432.0,331.0,218261,635418,1054.0,635418
D1,full,EnergyAndFuels,Calendar,0.0,23.0,0.0,6931,6931,0.0,6931
D1,full,EnergyAndFuels,Covariates,462.0,465.0,128.0,94746,309815,462.0,309815
D1,full,LivestockAndFoodProducts,Background,33.0,35.0,33.0,22052,22052,33.0,22052
D1,full,LivestockAndFoodProducts,Events,1159.0,1480.0,331.0,213644,683164,1159.0,683164
D1,full,LivestockAndFoodProducts,Calendar,0.0,23.0,0.0,6925,6927,0.0,6927
D1,full,LivestockAndFoodProducts,Covariates,462.0,465.0,128.0,97039,307175,462.0,307175
D1,full,RawMaterialsAndConstruction,Background,32.0,36.0,32.0,21276,21276,32.0,21276
D1,full,RawMaterialsAndConstruction,Events,1160.0,1596.0,331.0,207869,687337,1160.0,687337
D1,full,RawMaterialsAndConstruction,Calendar,0.0,23.0,0.0,6625,6625,0.0,6625
D1,full,RawMaterialsAndConstruction,Covariates,479.0,484.0,128.0,91650,307710,479.0,307710
D1,full,SpecialtyAndAdvancedMaterials,Background,34.0,35.0,34.0,15375,15375,34.0,15375
D1,full,SpecialtyAndAdvancedMaterials,Events,1190.0,1650.0,330.0,145891,492773,1190.0,492773
D1,full,SpecialtyAndAdvancedMaterials,Calendar,19.0,23.0,19.0,4827,4827,19.0,4827
D1,full,SpecialtyAndAdvancedMaterials,Covariates,381.0,386.0,128.0,61719,160712,381.0,160712
D1,full,StrategicAndHighValueMaterials,Background,33.0,35.0,33.0,24003,24003,33.0,24003
D1,full,StrategicAndHighValueMaterials,Events,1267.0,1588.2,330.0,229710,797338,1267.0,797338
D1,full,StrategicAndHighValueMaterials,Calendar,0.0,23.0,0.0,7580,7580,0.0,7580
D1,full,StrategicAndHighValueMaterials,Covariates,486.0,491.0,128.0,103357,345624,486.0,345624
D1,full,arts,Background,30.0,31.0,30.0,8557,8557,30.0,8557
D1,full,arts,Events,1215.0,1639.0,313.0,87693,327058,1215.0,327058
D1,full,arts,Calendar,39.0,58.0,39.0,10750,10760,39.0,10760
D1,full,arts,Covariates,386.0,386.0,128.0,36310,109279,386.0,109279
D1,full,climate,Background,30.0,30.100000000000023,30.0,8671,8671,30.0,8671
D1,full,climate,Events,1535.5,1808.1,314.0,90989,442252,1535.5,442252
D1,full,climate,Calendar,39.0,58.0,39.0,11120,11130,39.0,11130
D1,full,climate,Covariates,427.0,428.0,128.0,37120,123859,427.0,123859
D1,full,economy,Background,30.0,31.0,30.0,8700,8700,30.0,8700
D1,full,economy,Events,1342.5,1625.5,314.0,90960,382320,1342.5,382320
D1,full,economy,Calendar,39.0,58.0,39.0,11120,11130,39.0,11130
D1,full,economy,Covariates,428.0,429.0,128.0,37120,124120,428.0,124120
D1,full,electronic_technology,Background,29.5,31.0,29.5,8613,8613,29.5,8613
D1,full,electronic_technology,Events,1463.5,1764.0,314.0,91047,423099,1463.5,423099
D1,full,electronic_technology,Calendar,39.0,58.0,39.0,11120,11130,39.0,11130
D1,full,electronic_technology,Covariates,425.5,426.0,128.0,37120,123337,425.5,123337
D1,full,finance,Background,30.0,30.300000000000068,30.0,8787,8787,30.0,8787
D1,full,finance,Events,1486.5,1751.4,313.0,90873,415574,1486.5,415574
D1,full,finance,Calendar,39.0,58.0,39.0,11120,11130,39.0,11130
D1,full,finance,Covariates,431.0,431.0,128.0,37120,124903,431.0,124903
D1,full,pets,Background,30.0,30.0,30.0,8671,8671,30.0,8671
D1,full,pets,Events,1475.5,1797.0,313.0,90989,428923,1475.5,428923
D1,full,pets,Calendar,39.0,58.0,39.0,11120,11130,39.0,11130
D1,full,pets,Covariates,427.0,427.1,128.0,37120,123859,427.0,123859
D1,full,public_health,Background,30.0,30.200000000000045,30.0,8700,8700,30.0,8700
D1,full,public_health,Events,1527.0,1860.1,314.0,90960,443328,1527.0,443328
D1,full,public_health,Calendar,39.0,58.0,39.0,11120,11130,39.0,11130
D1,full,public_health,Covariates,428.0,429.0,128.0,37120,124120,428.0,124120
D1,full,public_policy,Background,30.0,30.0,30.0,9570,9570,30.0,9570
D1,full,public_policy,Events,1421.0,1718.0,313.0,100056,446365,1421.0,446365
D1,full,public_policy,Calendar,39.0,58.0,39.0,12232,12243,39.0,12243
D1,full,public_policy,Covariates,473.0,473.0,128.0,40832,150887,473.0,150887
D1,full,science,Background,30.0,30.0,30.0,8671,8671,30.0,8671
D1,full,science,Events,1586.5,1857.2,313.0,90989,454489,1586.5,454489
D1,full,science,Calendar,39.0,58.0,39.0,11120,11130,39.0,11130
D1,full,science,Covariates,427.0,428.0,128.0,37120,123886,427.0,123886
D1,full,shopping,Background,30.0,31.0,30.0,8787,8787,30.0,8787
D1,full,shopping,Events,1514.5,1842.5000000000005,313.0,90873,428279,1514.5,428279
D1,full,shopping,Calendar,39.0,58.0,39.0,11120,11130,39.0,11130
D1,full,shopping,Covariates,431.0,431.0,128.0,37120,124903,431.0,124903
D1,full,society,Background,30.0,30.200000000000045,30.0,8729,8729,30.0,8729
D1,full,society,Events,1479.0,1812.0,313.0,90931,429872,1479.0,429872
D1,full,society,Calendar,39.0,58.0,39.0,11120,11130,39.0,11130
D1,full,society,Covariates,429.0,430.0,128.0,37120,124408,429.0,124408
D1,full,traffic,Background,30.0,30.100000000000023,30.0,8700,8700,30.0,8700
D1,full,traffic,Events,1494.0,1770.1,313.0,90960,428226,1494.0,428226
D1,full,traffic,Calendar,39.0,58.0,39.0,11120,11130,39.0,11130
D1,full,traffic,Covariates,428.0,428.1,128.0,37120,124120,428.0,124120
D1,test,CropsAndStaples,Background,33.0,34.0,33.0,6185,6185,33.0,6185
D1,test,CropsAndStaples,Events,1173.5,1558.6000000000001,331.0,63476,220004,1173.5,220004
D1,test,CropsAndStaples,Calendar,19.0,24.0,19.0,2155,2155,19.0,2155
D1,test,CropsAndStaples,Covariates,512.0,516.0,128.0,24064,96217,512.0,96217
D1,test,Currency,Background,38.0,38.099999999999994,38.0,6840,6840,38.0,6840
D1,test,Currency,Events,1306.0,1606.8999999999999,325.0,59780,228142,1306.0,228142
D1,test,Currency,Calendar,19.0,24.0,19.0,2140,2140,19.0,2140
D1,test,Currency,Covariates,468.0,468.1,128.0,23040,84168,468.0,84168
D1,test,EnergyAndFuels,Background,33.0,35.0,33.0,5673,5673,33.0,5673
D1,test,EnergyAndFuels,Events,1199.0,1433.0,331.0,57646,196893,1199.0,196893
D1,test,EnergyAndFuels,Calendar,19.0,24.0,19.0,2003,2003,19.0,2003
D1,test,EnergyAndFuels,Covariates,462.0,465.0,128.0,21888,78800,462.0,78800
D1,test,LivestockAndFoodProducts,Background,33.0,35.0,33.0,10525,10525,33.0,10525
D1,test,LivestockAndFoodProducts,Events,1199.0,1513.5,331.0,107429,381847,1199.0,381847
D1,test,LivestockAndFoodProducts,Calendar,19.0,23.0,19.0,3522,3524,19.0,3524
D1,test,LivestockAndFoodProducts,Covariates,462.0,465.0,128.0,40704,146810,462.0,146810
D1,test,RawMaterialsAndConstruction,Background,32.0,36.0,32.0,5705,5705,32.0,5705
D1,test,RawMaterialsAndConstruction,Events,1159.5,1588.3000000000002,331.0,57988,203957,1159.5,203957
D1,test,RawMaterialsAndConstruction,Calendar,19.0,23.0,19.0,2011,2011,19.0,2011
D1,test,RawMaterialsAndConstruction,Covariates,479.0,483.0,128.0,22016,82310,479.0,82310
D1,test,SpecialtyAndAdvancedMaterials,Background,34.0,37.0,34.0,4020,4020,34.0,4020
D1,test,SpecialtyAndAdvancedMaterials,Events,1219.0,1689.6,345.0,39439,148317,1219.0,148317
D1,test,SpecialtyAndAdvancedMaterials,Calendar,0.0,23.0,0.0,1235,1235,0.0,1235
D1,test,SpecialtyAndAdvancedMaterials,Covariates,383.0,387.4,128.0,14976,44776,383.0,44776
D1,test,StrategicAndHighValueMaterials,Background,33.0,35.0,33.0,5978,5978,33.0,5978
D1,test,StrategicAndHighValueMaterials,Events,1235.0,1641.1000000000001,331.0,59965,221118,1235.0,221118
D1,test,StrategicAndHighValueMaterials,Calendar,19.0,23.0,19.0,2053,2053,19.0,2053
D1,test,StrategicAndHighValueMaterials,Covariates,490.0,493.0,128.0,22784,87144,490.0,87144
D1,test,arts,Background,30.0,31.0,30.0,4592,4592,30.0,4592
D1,test,arts,Events,1170.0,1718.0,313.0,46990,180721,1170.0,180721
D1,test,arts,Calendar,39.0,58.0,39.0,6080,6080,39.0,6080
D1,test,arts,Covariates,386.0,386.0,128.0,19348,58553,386.0,58553
D1,test,climate,Background,30.0,30.10000000000001,30.0,2691,2691,30.0,2691
D1,test,climate,Events,1498.5,1760.5,313.0,27989,133672,1498.5,133672
D1,test,climate,Calendar,39.0,58.0,39.0,3700,3700,39.0,3700
D1,test,climate,Covariates,427.0,428.0,128.0,11520,38439,427.0,38439
D1,test,economy,Background,30.0,31.0,30.0,2700,2700,30.0,2700
D1,test,economy,Events,1344.0,1638.7000000000005,313.0,27980,121000,1344.0,121000
D1,test,economy,Calendar,39.0,58.0,39.0,3700,3700,39.0,3700
D1,test,economy,Covariates,428.0,429.0,128.0,11520,38520,428.0,38520
D1,test,electronic_technology,Background,29.5,31.0,29.5,2673,2673,29.5,2673
D1,test,electronic_technology,Events,1417.0,1757.1,313.0,28007,126627,1417.0,126627
D1,test,electronic_technology,Calendar,39.0,58.0,39.0,3700,3700,39.0,3700
D1,test,electronic_technology,Covariates,425.5,426.0,128.0,11520,38277,425.5,38277
D1,test,finance,Background,30.0,30.300000000000026,30.0,2727,2727,30.0,2727
D1,test,finance,Events,1327.5,1697.5,313.0,27953,121614,1327.5,121614
D1,test,finance,Calendar,39.0,58.0,39.0,3700,3700,39.0,3700
D1,test,finance,Covariates,431.0,431.0,128.0,11520,38763,431.0,38763
D1,test,pets,Background,30.0,30.0,30.0,2691,2691,30.0,2691
D1,test,pets,Events,1472.0,1720.4000000000003,313.0,27989,132858,1472.0,132858
D1,test,pets,Calendar,39.0,58.0,39.0,3700,3700,39.0,3700
D1,test,pets,Covariates,427.0,427.1,128.0,11520,38439,427.0,38439
D1,test,public_health,Background,30.0,30.200000000000017,30.0,2700,2700,30.0,2700
D1,test,public_health,Events,1546.0,1795.7000000000003,313.0,27980,137518,1546.0,137518
D1,test,public_health,Calendar,39.0,58.0,39.0,3700,3700,39.0,3700
D1,test,public_health,Covariates,428.0,429.0,128.0,11520,38520,428.0,38520
D1,test,public_policy,Background,30.0,30.0,30.0,2970,2970,30.0,2970
D1,test,public_policy,Events,1438.0,1718.0,313.0,30778,136185,1438.0,136185
D1,test,public_policy,Calendar,39.0,58.0,39.0,4070,4070,39.0,4070
D1,test,public_policy,Covariates,473.0,473.0,128.0,12672,46827,473.0,46827
D1,test,science,Background,30.0,30.0,30.0,2691,2691,30.0,2691
D1,test,science,Events,1605.0,1858.9,313.0,27989,137997,1605.0,137997
D1,test,science,Calendar,39.0,58.0,39.0,3700,3700,39.0,3700
D1,test,science,Covariates,427.0,428.0,128.0,11520,38466,427.0,38466
D1,test,shopping,Background,30.0,31.0,30.0,2727,2727,30.0,2727
D1,test,shopping,Events,1450.0,1799.9,312.0,27953,126312,1450.0,126312
D1,test,shopping,Calendar,39.0,58.0,39.0,3700,3700,39.0,3700
D1,test,shopping,Covariates,431.0,431.0,128.0,11520,38763,431.0,38763
D1,test,society,Background,30.0,30.200000000000017,30.0,2709,2709,30.0,2709
D1,test,society,Events,1497.5,1852.0,313.0,27971,136469,1497.5,136469
D1,test,society,Calendar,39.0,58.0,39.0,3700,3700,39.0,3700
D1,test,society,Covariates,429.0,430.0,128.0,11520,38628,429.0,38628
D1,test,traffic,Background,30.0,30.10000000000001,30.0,2700,2700,30.0,2700
D1,test,traffic,Events,1451.0,1768.3,313.0,27980,130982,1451.0,130982
D1,test,traffic,Calendar,39.0,58.0,39.0,3700,3700,39.0,3700
D1,test,traffic,Covariates,428.0,428.1,128.0,11520,38520,428.0,38520
D2,full,CropsAndStaples,Background,33.0,34.0,17.0,12235,23819,17.0,12235
D2,full,CropsAndStaples,Events,1214.0,1509.8000000000002,354.0,242402,772847,1137.5,727948
D2,full,CropsAndStaples,Calendar,0.0,23.0,0.0,4918,7242,0.0,4918
D2,full,CropsAndStaples,Covariates,511.0,516.0,128.0,109685,370355,506.0,366735
D2,full,Currency,Background,38.0,39.0,22.0,16295,28135,22.0,16295
D2,full,Currency,Events,1353.5,1646.0000000000002,348.0,248136,910518,1268.0,849668
D2,full,Currency,Calendar,0.0,23.0,0.0,5352,7893,0.0,5352
D2,full,Currency,Covariates,468.0,468.0,128.0,107617,346032,463.0,342332
D2,full,EnergyAndFuels,Background,33.0,35.0,17.0,11536,22272,17.0,11536
D2,full,EnergyAndFuels,Events,1054.0,1432.0,354.0,226473,635418,985.0,598553
D2,full,EnergyAndFuels,Calendar,0.0,23.0,0.0,4740,6931,0.0,4740
D2,full,EnergyAndFuels,Covariates,462.0,465.0,128.0,99461,309815,457.0,306460
D2,full,LivestockAndFoodProducts,Background,33.0,35.0,17.0,11396,22052,17.0,11396
D2,full,LivestockAndFoodProducts,Events,1159.0,1480.0,354.0,223028,683164,1086.0,642576
D2,full,LivestockAndFoodProducts,Calendar,0.0,23.0,0.0,4722,6927,0.0,4722
D2,full,LivestockAndFoodProducts,Covariates,462.0,465.0,128.0,100514,307175,457.0,303845
D2,full,RawMaterialsAndConstruction,Background,32.0,36.0,16.0,11004,21276,16.0,11004
D2,full,RawMaterialsAndConstruction,Events,1160.0,1596.0,354.0,217214,687337,1094.5,645119
D2,full,RawMaterialsAndConstruction,Calendar,0.0,23.0,0.0,4497,6625,0.0,4497
D2,full,RawMaterialsAndConstruction,Covariates,479.0,484.0,128.0,94705,307710,474.0,304500
D2,full,SpecialtyAndAdvancedMaterials,Background,34.0,35.0,18.0,8207,15375,18.0,8207
D2,full,SpecialtyAndAdvancedMaterials,Events,1190.0,1650.0,352.0,152405,492773,1114.0,461354
D2,full,SpecialtyAndAdvancedMaterials,Calendar,19.0,23.0,12.0,3238,4827,12.0,3238
D2,full,SpecialtyAndAdvancedMaterials,Covariates,381.0,386.0,128.0,63085,160712,376.0,158472
D2,full,StrategicAndHighValueMaterials,Background,33.0,35.0,17.0,12563,24003,17.0,12563
D2,full,StrategicAndHighValueMaterials,Events,1267.0,1588.2,353.0,239677,797338,1201.0,751172
D2,full,StrategicAndHighValueMaterials,Calendar,0.0,23.0,0.0,5144,7580,0.0,5144
D2,full,StrategicAndHighValueMaterials,Covariates,486.0,491.0,128.0,107266,345624,481.0,342049
D2,full,arts,Background,30.0,31.0,14.0,4061,8557,14.0,4061
D2,full,arts,Events,1215.0,1639.0,336.0,93874,327058,1130.0,306669
D2,full,arts,Calendar,39.0,58.0,32.0,8793,10760,32.0,8793
D2,full,arts,Covariates,386.0,386.0,128.0,36582,109279,381.0,107874
D2,full,climate,Background,30.0,30.100000000000023,14.0,4031,8671,14.0,4031
D2,full,climate,Events,1535.5,1808.1,337.0,97649,442252,1449.0,418651
D2,full,climate,Calendar,39.0,58.0,32.0,9100,11130,32.0,9100
D2,full,climate,Covariates,427.0,428.0,128.0,37120,123859,422.0,122409
D2,full,economy,Background,30.0,31.0,14.0,4060,8700,14.0,4060
D2,full,economy,Events,1342.5,1625.5,337.0,97620,382320,1264.5,361490
D2,full,economy,Calendar,39.0,58.0,32.0,9100,11130,32.0,9100
D2,full,economy,Covariates,428.0,429.0,128.0,37120,124120,423.0,122670
D2,full,electronic_technology,Background,29.5,31.0,13.5,3973,8613,13.5,3973
D2,full,electronic_technology,Events,1463.5,1764.0,337.0,97707,423099,1353.0,391822
D2,full,electronic_technology,Calendar,39.0,58.0,32.0,9100,11130,32.0,9100
D2,full,electronic_technology,Covariates,425.5,426.0,128.0,37120,123337,420.5,121887
D2,full,finance,Background,30.0,30.300000000000068,14.0,4147,8787,14.0,4147
D2,full,finance,Events,1486.5,1751.4,336.0,97533,415574,1385.0,391694
D2,full,finance,Calendar,39.0,58.0,32.0,9100,11130,32.0,9100
D2,full,finance,Covariates,431.0,431.0,128.0,37120,124903,426.0,123453
D2,full,pets,Background,30.0,30.0,14.0,4031,8671,14.0,4031
D2,full,pets,Events,1475.5,1797.0,336.0,97649,428923,1401.5,407249
D2,full,pets,Calendar,39.0,58.0,32.0,9100,11130,32.0,9100
D2,full,pets,Covariates,427.0,427.1,128.0,37120,123859,422.0,122409
D2,full,public_health,Background,30.0,30.200000000000045,14.0,4060,8700,14.0,4060
D2,full,public_health,Events,1527.0,1860.1,337.0,97620,443328,1442.0,419323
D2,full,public_health,Calendar,39.0,58.0,32.0,9100,11130,32.0,9100
D2,full,public_health,Covariates,428.0,429.0,128.0,37120,124120,423.0,122670
D2,full,public_policy,Background,30.0,30.0,14.0,4466,9570,14.0,4466
D2,full,public_policy,Events,1421.0,1718.0,336.0,107382,446365,1339.0,418311
D2,full,public_policy,Calendar,39.0,58.0,32.0,10010,12243,32.0,10010
D2,full,public_policy,Covariates,473.0,473.0,128.0,40832,150887,468.0,149292
D2,full,science,Background,30.0,30.0,14.0,4031,8671,14.0,4031
D2,full,science,Events,1586.5,1857.2,336.0,97649,454489,1477.5,425865
D2,full,science,Calendar,39.0,58.0,32.0,9100,11130,32.0,9100
D2,full,science,Covariates,427.0,428.0,128.0,37120,123886,422.0,122436
D2,full,shopping,Background,30.0,31.0,14.0,4147,8787,14.0,4147
D2,full,shopping,Events,1514.5,1842.5000000000005,336.0,97533,428279,1424.5,404556
D2,full,shopping,Calendar,39.0,58.0,32.0,9100,11130,32.0,9100
D2,full,shopping,Covariates,431.0,431.0,128.0,37120,124903,426.0,123453
D2,full,society,Background,30.0,30.200000000000045,14.0,4089,8729,14.0,4089
D2,full,society,Events,1479.0,1812.0,336.0,97591,429872,1399.0,401815
D2,full,society,Calendar,39.0,58.0,32.0,9100,11130,32.0,9100
D2,full,society,Covariates,429.0,430.0,128.0,37120,124408,424.0,122958
D2,full,traffic,Background,30.0,30.100000000000023,14.0,4060,8700,14.0,4060
D2,full,traffic,Events,1494.0,1770.1,336.0,97620,428226,1397.5,399868
D2,full,traffic,Calendar,39.0,58.0,32.0,9100,11130,32.0,9100
D2,full,traffic,Covariates,428.0,428.1,128.0,37120,124120,423.0,122670
D2,test,CropsAndStaples,Background,33.0,34.0,17.0,3177,6185,17.0,3177
D2,test,CropsAndStaples,Events,1173.5,1558.6000000000001,354.0,67177,220004,1109.0,211193
D2,test,CropsAndStaples,Calendar,19.0,24.0,12.0,1462,2155,12.0,1462
D2,test,CropsAndStaples,Covariates,512.0,516.0,128.0,24064,96217,507.0,95277
D2,test,Currency,Background,38.0,38.099999999999994,22.0,3960,6840,22.0,3960
D2,test,Currency,Events,1306.0,1606.8999999999999,348.0,63360,228142,1255.0,219207
D2,test,Currency,Calendar,19.0,24.0,12.0,1440,2140,12.0,1440
D2,test,Currency,Covariates,468.0,468.1,128.0,23040,84168,463.0,83268
D2,test,EnergyAndFuels,Background,33.0,35.0,17.0,2937,5673,17.0,2937
D2,test,EnergyAndFuels,Events,1199.0,1433.0,354.0,61040,196893,1148.0,189053
D2,test,EnergyAndFuels,Calendar,19.0,24.0,12.0,1345,2003,12.0,1345
D2,test,EnergyAndFuels,Covariates,462.0,465.0,128.0,21888,78800,457.0,77945
D2,test,LivestockAndFoodProducts,Background,33.0,35.0,17.0,5437,10525,17.0,5437
D2,test,LivestockAndFoodProducts,Events,1199.0,1513.5,354.0,113649,381847,1147.0,362508
D2,test,LivestockAndFoodProducts,Calendar,19.0,23.0,12.0,2390,3524,12.0,2390
D2,test,LivestockAndFoodProducts,Covariates,462.0,465.0,128.0,40704,146810,457.0,145220
D2,test,RawMaterialsAndConstruction,Background,32.0,36.0,16.0,2953,5705,16.0,2953
D2,test,RawMaterialsAndConstruction,Events,1159.5,1588.3000000000002,354.0,61412,203957,1111.0,194742
D2,test,RawMaterialsAndConstruction,Calendar,19.0,23.0,12.0,1339,2011,12.0,1339
D2,test,RawMaterialsAndConstruction,Covariates,479.0,483.0,128.0,22016,82310,474.0,81450
D2,test,SpecialtyAndAdvancedMaterials,Background,34.0,37.0,18.0,2148,4020,18.0,2148
D2,test,SpecialtyAndAdvancedMaterials,Events,1219.0,1689.6,361.0,41717,148317,1164.0,141203
D2,test,SpecialtyAndAdvancedMaterials,Calendar,0.0,23.0,0.0,829,1235,0.0,829
D2,test,SpecialtyAndAdvancedMaterials,Covariates,383.0,387.4,128.0,14976,44776,378.0,44191
D2,test,StrategicAndHighValueMaterials,Background,33.0,35.0,17.0,3130,5978,17.0,3130
D2,test,StrategicAndHighValueMaterials,Events,1235.0,1641.1000000000001,354.0,63492,221118,1191.0,211960
D2,test,StrategicAndHighValueMaterials,Calendar,19.0,23.0,12.0,1374,2053,12.0,1374
D2,test,StrategicAndHighValueMaterials,Covariates,490.0,493.0,128.0,22784,87144,485.0,86254
D2,test,arts,Background,30.0,31.0,14.0,2176,4592,14.0,2176
D2,test,arts,Events,1170.0,1718.0,336.0,50338,180721,1094.0,170241
D2,test,arts,Calendar,39.0,58.0,32.0,5023,6080,32.0,5023
D2,test,arts,Covariates,386.0,386.0,128.0,19473,58553,381.0,57798
D2,test,climate,Background,30.0,30.10000000000001,14.0,1251,2691,14.0,1251
D2,test,climate,Events,1498.5,1760.5,336.0,30059,133672,1430.0,127297
D2,test,climate,Calendar,39.0,58.0,32.0,3070,3700,32.0,3070
D2,test,climate,Covariates,427.0,428.0,128.0,11520,38439,422.0,37989
D2,test,economy,Background,30.0,31.0,14.0,1260,2700,14.0,1260
D2,test,economy,Events,1344.0,1638.7000000000005,336.0,30050,121000,1283.5,115386
D2,test,economy,Calendar,39.0,58.0,32.0,3070,3700,32.0,3070
D2,test,economy,Covariates,428.0,429.0,128.0,11520,38520,423.0,38070
D2,test,electronic_technology,Background,29.5,31.0,13.5,1233,2673,13.5,1233
D2,test,electronic_technology,Events,1417.0,1757.1,336.0,30077,126627,1320.5,118648
D2,test,electronic_technology,Calendar,39.0,58.0,32.0,3070,3700,32.0,3070
D2,test,electronic_technology,Covariates,425.5,426.0,128.0,11520,38277,420.5,37827
D2,test,finance,Background,30.0,30.300000000000026,14.0,1287,2727,14.0,1287
D2,test,finance,Events,1327.5,1697.5,336.0,30023,121614,1279.5,116438
D2,test,finance,Calendar,39.0,58.0,32.0,3070,3700,32.0,3070
D2,test,finance,Covariates,431.0,431.0,128.0,11520,38763,426.0,38313
D2,test,pets,Background,30.0,30.0,14.0,1251,2691,14.0,1251
D2,test,pets,Events,1472.0,1720.4000000000003,336.0,30059,132858,1422.5,127925
D2,test,pets,Calendar,39.0,58.0,32.0,3070,3700,32.0,3070
D2,test,pets,Covariates,427.0,427.1,128.0,11520,38439,422.0,37989
D2,test,public_health,Background,30.0,30.200000000000017,14.0,1260,2700,14.0,1260
D2,test,public_health,Events,1546.0,1795.7000000000003,336.0,30050,137518,1472.0,131520
D2,test,public_health,Calendar,39.0,58.0,32.0,3070,3700,32.0,3070
D2,test,public_health,Covariates,428.0,429.0,128.0,11520,38520,423.0,38070
D2,test,public_policy,Background,30.0,30.0,14.0,1386,2970,14.0,1386
D2,test,public_policy,Events,1438.0,1718.0,336.0,33055,136185,1360.0,128623
D2,test,public_policy,Calendar,39.0,58.0,32.0,3377,4070,32.0,3377
D2,test,public_policy,Covariates,473.0,473.0,128.0,12672,46827,468.0,46332
D2,test,science,Background,30.0,30.0,14.0,1251,2691,14.0,1251
D2,test,science,Events,1605.0,1858.9,336.0,30059,137997,1508.0,131000
D2,test,science,Calendar,39.0,58.0,32.0,3070,3700,32.0,3070
D2,test,science,Covariates,427.0,428.0,128.0,11520,38466,422.0,38016
D2,test,shopping,Background,30.0,31.0,14.0,1287,2727,14.0,1287
D2,test,shopping,Events,1450.0,1799.9,335.0,30023,126312,1386.0,120850
D2,test,shopping,Calendar,39.0,58.0,32.0,3070,3700,32.0,3070
D2,test,shopping,Covariates,431.0,431.0,128.0,11520,38763,426.0,38313
D2,test,society,Background,30.0,30.200000000000017,14.0,1269,2709,14.0,1269
D2,test,society,Events,1497.5,1852.0,336.0,30041,136469,1434.0,128028
D2,test,society,Calendar,39.0,58.0,32.0,3070,3700,32.0,3070
D2,test,society,Covariates,429.0,430.0,128.0,11520,38628,424.0,38178
D2,test,traffic,Background,30.0,30.10000000000001,14.0,1260,2700,14.0,1260
D2,test,traffic,Events,1451.0,1768.3,336.0,30050,130982,1354.0,122779
D2,test,traffic,Calendar,39.0,58.0,32.0,3070,3700,32.0,3070
D2,test,traffic,Covariates,428.0,428.1,128.0,11520,38520,423.0,38070
