method,domain,seed_stat,MSE,MAE
Z0,CropsAndStaples,single,1.342177,0.740295
Z0,Currency,single,0.971216,0.704397
Z0,EnergyAndFuels,single,2.276056,0.921286
Z0,LivestockAndFoodProducts,single,1.320066,0.724610
Z0,RawMaterialsAndConstruction,single,1.338255,0.729526
Z0,SpecialtyAndAdvancedMaterials,single,2.050198,0.694168
Z0,StrategicAndHighValueMaterials,single,2.726347,0.761315
Z0,arts,single,2.878970,0.938112
Z0,climate,single,5.511981,1.135626
Z0,economy,single,2.992216,1.161425
Z0,electronic_technology,single,8.713220,1.502199
Z0,finance,single,5.712122,1.516955
Z0,pets,single,4.470860,1.293532
Z0,public_health,single,2.804917,1.123759
Z0,public_policy,single,3.870318,1.338200
Z0,science,single,6.556470,1.059573
Z0,shopping,single,1.197819,0.651796
Z0,society,single,5.438220,1.354871
Z0,traffic,single,7.267871,1.580889
A48,CropsAndStaples,mean+-std,1.571779+/-0.008242,0.859877+/-0.001218
A48,Currency,mean+-std,1.222838+/-0.005403,0.829078+/-0.001438
A48,EnergyAndFuels,mean+-std,2.861914+/-0.017922,1.067067+/-0.001445
A48,LivestockAndFoodProducts,mean+-std,1.523490+/-0.005935,0.857934+/-0.001281
A48,RawMaterialsAndConstruction,mean+-std,1.820689+/-0.001465,0.926554+/-0.002999
A48,SpecialtyAndAdvancedMaterials,mean+-std,2.463567+/-0.009601,0.888664+/-0.002614
A48,StrategicAndHighValueMaterials,mean+-std,3.586739+/-0.011143,1.102262+/-0.002026
A48,arts,mean+-std,2.992778+/-0.003959,1.009445+/-0.001794
A48,climate,mean+-std,5.888807+/-0.016681,1.208408+/-0.003142
A48,economy,mean+-std,3.435192+/-0.006497,1.235356+/-0.001900
A48,electronic_technology,mean+-std,10.189370+/-0.026519,1.730255+/-0.003562
A48,finance,mean+-std,6.986905+/-0.018861,1.730958+/-0.005033
A48,pets,mean+-std,5.613518+/-0.015877,1.448905+/-0.002351
A48,public_health,mean+-std,3.277291+/-0.016478,1.242339+/-0.002746
A48,public_policy,mean+-std,4.256297+/-0.009844,1.353083+/-0.003730
A48,science,mean+-std,7.275839+/-0.012919,1.211686+/-0.001724
A48,shopping,mean+-std,1.924907+/-0.002275,0.861115+/-0.001519
A48,society,mean+-std,6.458097+/-0.013552,1.579912+/-0.002007
A48,traffic,mean+-std,8.228340+/-0.025960,1.675060+/-0.001133
M48T512,CropsAndStaples,mean+-std,1.583958+/-0.007062,0.857666+/-0.000793
M48T512,Currency,mean+-std,1.210860+/-0.006373,0.823057+/-0.001393
M48T512,EnergyAndFuels,mean+-std,2.874208+/-0.017125,1.063735+/-0.001201
M48T512,LivestockAndFoodProducts,mean+-std,1.545008+/-0.006235,0.863067+/-0.001158
M48T512,RawMaterialsAndConstruction,mean+-std,1.822090+/-0.001230,0.925018+/-0.002657
M48T512,SpecialtyAndAdvancedMaterials,mean+-std,2.461456+/-0.012296,0.884299+/-0.003503
M48T512,StrategicAndHighValueMaterials,mean+-std,3.677148+/-0.010680,1.121571+/-0.002175
M48T512,arts,mean+-std,2.988574+/-0.003531,1.008911+/-0.001684
M48T512,climate,mean+-std,5.927814+/-0.016757,1.216118+/-0.003061
M48T512,economy,mean+-std,3.443122+/-0.006598,1.237509+/-0.001897
M48T512,electronic_technology,mean+-std,10.157536+/-0.024537,1.719406+/-0.003116
M48T512,finance,mean+-std,7.027374+/-0.019210,1.740365+/-0.004881
M48T512,pets,mean+-std,5.628946+/-0.015912,1.448791+/-0.002601
M48T512,public_health,mean+-std,3.274876+/-0.016522,1.242431+/-0.002783
M48T512,public_policy,mean+-std,4.265888+/-0.010036,1.358647+/-0.003816
M48T512,science,mean+-std,7.272487+/-0.012665,1.215162+/-0.001505
M48T512,shopping,mean+-std,1.909408+/-0.001890,0.858194+/-0.001562
M48T512,society,mean+-std,6.511264+/-0.013532,1.591047+/-0.001884
M48T512,traffic,mean+-std,8.241130+/-0.024921,1.676130+/-0.000813
