domain,seed_stat,paired_dMSE,paired_dMAE
CropsAndStaples,mean+-std over 3 seeds,0.012179+/-0.001261,-0.002211+/-0.000429
Currency,mean+-std over 3 seeds,-0.011978+/-0.001095,-0.006021+/-0.000118
EnergyAndFuels,mean+-std over 3 seeds,0.012294+/-0.001485,-0.003332+/-0.000250
LivestockAndFoodProducts,mean+-std over 3 seeds,0.021518+/-0.000345,0.005134+/-0.000315
RawMaterialsAndConstruction,mean+-std over 3 seeds,0.001401+/-0.000265,-0.001536+/-0.000344
SpecialtyAndAdvancedMaterials,mean+-std over 3 seeds,-0.002111+/-0.002697,-0.004365+/-0.000903
StrategicAndHighValueMaterials,mean+-std over 3 seeds,0.090409+/-0.000468,0.019309+/-0.000199
arts,mean+-std over 3 seeds,-0.004204+/-0.000445,-0.000534+/-0.000111
climate,mean+-std over 3 seeds,0.039008+/-0.000264,0.007711+/-0.000083
economy,mean+-std over 3 seeds,0.007930+/-0.000313,0.002153+/-0.000133
electronic_technology,mean+-std over 3 seeds,-0.031835+/-0.002771,-0.010849+/-0.000779
finance,mean+-std over 3 seeds,0.040469+/-0.001241,0.009407+/-0.000239
pets,mean+-std over 3 seeds,0.015428+/-0.001475,-0.000114+/-0.000405
public_health,mean+-std over 3 seeds,-0.002415+/-0.000382,0.000092+/-0.000043
public_policy,mean+-std over 3 seeds,0.009590+/-0.000473,0.005563+/-0.000147
science,mean+-std over 3 seeds,-0.003352+/-0.000266,0.003475+/-0.000339
shopping,mean+-std over 3 seeds,-0.015498+/-0.000388,-0.002922+/-0.000120
society,mean+-std over 3 seeds,0.053167+/-0.000291,0.011135+/-0.000123
traffic,mean+-std over 3 seeds,0.012790+/-0.001039,0.001070+/-0.000557
OVERALL(19-domain equal weight),mean+-std over 3 seeds,0.012884+/-0.000384,0.001746+/-0.000106
