method,var_key,n_windows,std_MSE,std_MAE,raw_MSE,raw_MAE
Z0,CropsAndStaples__barley_inr_t_96_12_12_10events,17,2.297742,0.582122,2095.656945,26.278576
Z0,CropsAndStaples__canola_cad_t_96_12_12_10events,17,0.780803,0.687664,732.844729,20.745515
Z0,CropsAndStaples__cocoa_usd_t_96_12_12_10events,17,0.969814,0.703367,682599.361630,606.437843
Z0,CropsAndStaples__cotton_usd_lbs_96_12_12_10events,18,1.786580,0.901571,3.079605,1.173377
Z0,CropsAndStaples__diammonium_usd_t_96_12_12_10events,16,1.098471,0.572931,1146.457393,21.916975
Z0,CropsAndStaples__oat_usd_bu_96_12_12_10events,18,1.783125,0.978859,382.647961,14.703763
Z0,CropsAndStaples__potatoes_eur_100kg_96_12_12_10events,17,0.539395,0.475284,3.730039,1.177210
Z0,CropsAndStaples__rice_usd_cwt_96_12_12_10events,18,1.344653,0.862921,0.396687,0.493656
Z0,CropsAndStaples__sugar_usd_lbs_96_12_12_10events,17,1.321946,0.798372,0.453855,0.527274
Z0,CropsAndStaples__urea_usd_t_96_12_12_10events,16,1.408959,0.652563,1108.362848,18.461360
Z0,CropsAndStaples__wheat_usd_bu_96_12_12_10events,17,1.432464,0.927591,377.639119,15.072776
Z0,Currency__usdtoaud_exchangerate_96_12_12_10events,18,1.389711,0.856707,0.000541,0.017179
Z0,Currency__usdtobrl_exchangerate_96_12_12_10events,18,1.297416,0.912574,0.011067,0.086313
Z0,Currency__usdtocad_exchangerate_96_12_12_10events,18,0.784059,0.653104,0.000162,0.009718
Z0,Currency__usdtochf_exchangerate_96_12_12_10events,18,1.122488,0.676055,0.000134,0.008650
Z0,Currency__usdtogbp_exchangerate_96_12_12_10events,18,0.724314,0.609809,0.000070,0.006364
Z0,Currency__usdtohkd_exchangerate_96_12_12_10events,18,0.502894,0.523949,0.000255,0.011647
Z0,Currency__usdtoinr_exchangerate_96_12_12_10events,18,0.900344,0.662214,0.582384,0.556731
Z0,Currency__usdtokrw_exchangerate_96_12_12_10events,18,0.872456,0.724791,458.624611,17.332564
Z0,Currency__usdtomxn_exchangerate_96_12_12_10events,18,1.184976,0.739028,0.097478,0.231539
Z0,Currency__usdtosgd_exchangerate_96_12_12_10events,18,0.933500,0.685735,0.000101,0.007752
Z0,EnergyAndFuels__bitumen_cny_t_96_12_12_10events,17,1.779791,0.896206,53202.652530,140.506840
Z0,EnergyAndFuels__brent_usd_bbl_96_12_12_10events,17,3.431077,1.120102,41.258431,3.703539
Z0,EnergyAndFuels__coal_usd_t_96_12_12_10events,18,1.649955,0.716573,26.690080,3.129457
Z0,EnergyAndFuels__ethanol_usd_gal_96_12_12_10events,17,1.873093,0.929853,0.008868,0.070229
Z0,EnergyAndFuels__gasoline_usd_gal_96_12_12_10events,18,2.856689,1.146647,0.030118,0.108487
Z0,EnergyAndFuels__methanol_cny_t_96_12_12_10events,16,2.092328,0.920832,22526.754742,93.947835
Z0,EnergyAndFuels__naphtha_usd_t_96_12_12_10events,17,5.289395,1.206364,2140.157998,22.547591
Z0,EnergyAndFuels__propane_usd_gal_96_12_12_10events,17,1.314866,0.799666,0.001584,0.029081
Z0,EnergyAndFuels__rapeseed_eur_t_96_12_12_10events,17,1.085807,0.735762,214.276067,9.452618
Z0,EnergyAndFuels__uranium_usd_lbs_96_12_12_10events,17,1.387555,0.740860,12.216716,2.428211
Z0,LivestockAndFoodProducts__beef_brl_kg_96_12_12_10events,33,0.666505,0.579663,0.325487,0.410478
Z0,LivestockAndFoodProducts__butter_eur_t_96_12_12_10events,34,1.552482,0.767387,160989.556122,260.611484
Z0,LivestockAndFoodProducts__cheese_usd_lbs_96_12_12_10events,35,2.636790,0.860003,0.009473,0.068839
Z0,LivestockAndFoodProducts__coffee_usd_lbs_96_12_12_10events,35,1.215622,0.748144,680.235826,19.178626
Z0,LivestockAndFoodProducts__corn_usd_bu_96_12_12_10events,34,0.765905,0.610137,209.922259,10.726728
Z0,LivestockAndFoodProducts__milk_usd_cwt_96_12_12_10events,36,1.323029,0.638942,0.669625,0.495123
Z0,LivestockAndFoodProducts__poultry_brl_kgs_96_12_12_10events,33,1.734957,0.773099,0.075507,0.181505
Z0,LivestockAndFoodProducts__salmon_nok_kg_96_12_12_10events,10,1.481311,0.994735,54.374426,6.067974
Z0,LivestockAndFoodProducts__soybeans_usd_bu_96_12_12_10events,34,0.968910,0.737883,1091.499571,25.757329
Z0,LivestockAndFoodProducts__wool_aud_100kg_96_12_12_10events,34,0.855150,0.536111,1346.653818,20.697663
Z0,RawMaterialsAndConstruction__aluminum_usd_t_96_12_12_10events,17,0.474515,0.512278,5384.995068,53.168011
Z0,RawMaterialsAndConstruction__copper_usd_lbs_96_12_12_10events,17,1.283734,0.653592,0.116987,0.202229
Z0,RawMaterialsAndConstruction__lead_usd_t_96_12_12_10events,18,0.946086,0.746722,1091.628654,25.283792
Z0,RawMaterialsAndConstruction__lumber_usd_1000_board_feet_96_12_12_10events,17,0.931575,0.694694,1305.034717,26.187815
Z0,RawMaterialsAndConstruction__polyethylene_cny_t_96_12_12_10events,16,3.073901,0.985120,117308.447763,194.001340
Z0,RawMaterialsAndConstruction__polypropylene_cny_t_96_12_12_10events,17,3.040941,0.975556,104473.914728,166.139352
Z0,RawMaterialsAndConstruction__rubber_usd_cents_kg_96_12_12_10events,18,1.294351,0.751000,31.422430,4.214454
Z0,RawMaterialsAndConstruction__steel_cny_t_96_12_12_10events,17,0.806710,0.708960,4773.405080,52.008745
Z0,RawMaterialsAndConstruction__tin_usd_t_96_12_12_10events,18,1.019359,0.730350,6603657.683388,1737.688793
Z0,RawMaterialsAndConstruction__zinc_usd_t_96_12_12_10events,17,0.511374,0.536989,5710.060985,56.552988
Z0,SpecialtyAndAdvancedMaterials__gallium_cny_kg_96_12_12_10events,15,1.388951,0.650471,2469.028863,28.663991
Z0,SpecialtyAndAdvancedMaterials__germanium_cny_kg_96_12_12_10events,15,0.841520,0.644046,80243.555209,194.870218
Z0,SpecialtyAndAdvancedMaterials__indium_cny_kg_96_12_12_10events,15,8.539423,1.006257,68234.990761,138.405036
Z0,SpecialtyAndAdvancedMaterials__magnesium_cny_t_96_12_12_10events,15,0.466367,0.528101,106354.176016,244.965603
Z0,SpecialtyAndAdvancedMaterials__molybdenum_cny_kg_96_12_12_10events,14,1.873660,0.798905,515.373116,15.087014
Z0,SpecialtyAndAdvancedMaterials__polyvinyl_cny_t_96_12_12_10events,14,2.244448,1.014503,65053.817144,163.921148
Z0,SpecialtyAndAdvancedMaterials__tellurium_cny_kg_96_12_12_10events,15,0.536208,0.430425,577.760387,17.433671
Z0,SpecialtyAndAdvancedMaterials__titanium_cny_kg_96_12_12_10events,14,0.511006,0.480639,0.461898,0.484474
Z0,StrategicAndHighValueMaterials__cobalt_usd_t_96_12_12_10events,18,12.444187,0.916251,3330785.746792,759.850206
Z0,StrategicAndHighValueMaterials__gold_usd_t_oz_96_12_12_10events,18,1.002394,0.655448,43002.212545,134.314265
Z0,StrategicAndHighValueMaterials__lithium_cny_t_96_12_12_10events,17,1.344681,0.667346,116542690.805998,6407.152263
Z0,StrategicAndHighValueMaterials__manganese_cny_mtu_96_12_12_10events,17,1.938954,0.710551,0.235220,0.259586
Z0,StrategicAndHighValueMaterials__neodymium_cny_t_96_12_12_10events,17,1.719945,0.737829,2281361239.678806,30493.126838
Z0,StrategicAndHighValueMaterials__nickel_usd_t_96_12_12_10events,18,2.795313,1.006444,301158.224250,350.736596
Z0,StrategicAndHighValueMaterials__palladium_usd_t_oz_96_12_12_10events,18,1.017698,0.671546,9955.541109,71.398347
Z0,StrategicAndHighValueMaterials__platinum_usd_t_oz_96_12_12_10events,19,1.797025,0.839572,25211.241882,111.540625
Z0,StrategicAndHighValueMaterials__rhodium_usd_t_oz_96_12_12_10events,18,2.201092,0.645086,206381.223560,290.665437
Z0,StrategicAndHighValueMaterials__silver_usd_t_oz_96_12_12_10events,18,1.002177,0.763076,42.890244,4.143080
Z0,arts__art_exhibitions_96_12_4_10events,16,12.401427,1.881145,4065.474041,36.206404
Z0,arts__broadway_shows_96_12_4_10events,16,1.319919,0.743328,68.653559,5.800562
Z0,arts__comic_con_96_12_4_10events,16,0.776164,0.517610,66.766067,5.000930
Z0,arts__esports_96_12_4_10events,16,3.780733,1.168986,595.024786,15.462193
Z0,arts__film_festivals_96_12_4_10events,16,5.228749,1.563179,927.763375,19.955322
Z0,arts__food_wine_festivals_96_12_4_10events,7,1.166963,0.957329,1207.500866,30.795275
Z0,arts__major_league_baseball_96_12_4_10events,16,0.349676,0.441100,59.386593,5.766583
Z0,arts__music_festivals_96_12_4_10events,16,0.414047,0.494190,92.609129,7.495621
Z0,arts__national_basketball_association_96_12_4_10events,16,1.949930,0.893167,894.867703,19.349693
Z0,arts__national_football_league_96_12_4_10events,16,1.402092,0.721084,243.037672,10.093448
Z0,climate__deforestation_96_12_4_10events,9,0.553580,0.589295,264.686681,12.874001
Z0,climate__drought_96_12_4_10events,9,1.636694,0.859333,55.049613,5.115086
Z0,climate__endangered_species_96_12_4_10events,9,1.177389,0.681756,506.994116,14.108940
Z0,climate__flooding_96_12_4_10events,9,8.058763,0.930178,1612.954736,16.152316
Z0,climate__global_warming_96_12_4_10events,9,0.871672,0.772183,176.962965,11.131903
Z0,climate__heatwave_96_12_4_10events,9,1.294218,0.764650,102.041102,7.061803
Z0,climate__heavy_rainfall_96_12_4_10events,9,4.564369,1.605619,2963.190599,41.905757
Z0,climate__marine_pollution_96_12_4_10events,9,0.709379,0.589371,402.149596,14.010584
Z0,climate__sustainable_fashion_96_12_4_10events,9,33.603846,3.428394,25386.542682,81.599900
Z0,climate__water_scarcity_96_12_4_10events,9,2.649896,1.135482,1523.797090,27.077072
Z0,economy__cost_of_living_96_12_4_10events,9,11.751713,2.645720,1148.452745,26.718835
Z0,economy__federal_budget_deficit_96_12_4_10events,9,0.866141,0.769852,401.404369,16.591720
Z0,economy__government_spending_96_12_4_10events,9,0.851035,0.739561,342.047878,14.760090
Z0,economy__healthcare_costs_96_12_4_10events,9,2.522422,1.264866,992.461948,25.443739
Z0,economy__inflation_96_12_4_10events,9,3.396533,1.500382,98.976589,8.086824
Z0,economy__international_trade_96_12_4_10events,9,3.491758,1.433457,833.672620,21.754923
Z0,economy__minimum_wage_96_12_4_10events,9,1.405878,0.736475,99.494988,6.485150
Z0,economy__student_loans_96_12_4_10events,9,0.658378,0.656675,4.059257,1.622597
Z0,economy__taxes_96_12_4_10events,9,0.178937,0.286471,59.554882,5.288135
Z0,economy__unemployment_rate_96_12_4_10events,9,4.799367,1.580796,1218.009259,24.965823
Z0,electronic_technology__alphabet_96_12_4_10events,9,1.275810,0.880262,107.153336,8.059377
Z0,electronic_technology__amazon_96_12_4_10events,9,0.666809,0.629285,37.030348,4.699058
Z0,electronic_technology__apple_inc_96_12_4_10events,9,17.032634,2.397187,5076.576779,36.050103
Z0,electronic_technology__artificial_intelligence_96_12_4_10events,9,23.476197,3.031314,3068.180065,40.760648
Z0,electronic_technology__consumer_electronics_96_12_4_10events,9,15.501640,2.655536,3743.168003,48.780024
Z0,electronic_technology__drones_96_12_4_10events,9,0.058735,0.158106,9.562139,2.014676
Z0,electronic_technology__meta_platforms_96_12_4_10events,9,23.781845,2.376990,4898.232121,48.550095
Z0,electronic_technology__microsoft_96_12_4_10events,9,0.923939,0.718951,40.343362,4.734074
Z0,electronic_technology__nvidia_96_12_4_10events,9,0.737170,0.571103,111.865437,7.149039
Z0,electronic_technology__robotics_96_12_4_10events,9,3.677425,1.603253,688.053195,21.424703
Z0,finance__asset_management_96_12_4_10events,9,2.928470,1.301518,427.123125,15.869102
Z0,finance__cryptocurrency_96_12_4_10events,9,15.461638,1.924366,943.898101,18.887938
Z0,finance__financial_regulation_96_12_4_10events,9,10.540635,2.600732,5799.489362,58.995080
Z0,finance__goldman_sachs_96_12_4_10events,9,9.136818,1.955724,465.021408,13.736514
Z0,finance__hedge_funds_96_12_4_10events,9,2.622624,1.207346,335.195835,13.194882
Z0,finance__investment_banking_96_12_4_10events,9,3.425432,1.439061,505.696699,17.464130
Z0,finance__mortgage_rates_96_12_4_10events,9,1.520664,0.749627,167.330801,8.012927
Z0,finance__private_equity_96_12_4_10events,9,5.389673,1.767035,759.841159,21.523664
Z0,finance__stock_market_96_12_4_10events,9,0.335380,0.432926,50.113835,5.286149
Z0,finance__venture_capital_96_12_4_10events,9,5.759885,1.791217,620.783929,19.007526
Z0,pets__animal_migration_96_12_4_10events,9,2.778784,1.229858,657.779854,18.917796
Z0,pets__animal_rescue_96_12_4_10events,9,2.498583,1.208104,46.570360,5.240408
Z0,pets__animal_welfare_96_12_4_10events,9,8.519520,2.032190,640.520603,17.031905
Z0,pets__beekeeping_96_12_4_10events,9,2.214512,1.012688,151.086704,8.350639
Z0,pets__biodiversity_96_12_4_10events,9,1.021144,0.798260,667.355221,20.263099
Z0,pets__invasive_species_96_12_4_10events,9,0.664576,0.592456,263.103058,11.764325
Z0,pets__marine_life_96_12_4_10events,9,2.758136,1.079700,480.953267,14.186892
Z0,pets__pest_control_96_12_4_10events,9,0.680865,0.603626,205.776759,10.909002
Z0,pets__pet_adoption_96_12_4_10events,9,4.243592,1.206319,155.684871,7.665988
Z0,pets__pet_health_96_12_4_10events,9,19.328888,3.172120,4450.213152,52.471129
Z0,public_health__air_pollution_96_12_4_10events,9,0.686396,0.636022,47.923748,5.313390
Z0,public_health__climate_change_96_12_4_10events,9,0.093858,0.259795,5.457619,1.980798
Z0,public_health__diabetes_96_12_4_10events,9,3.210549,1.430605,120.168116,8.835232
Z0,public_health__drug_overdose_96_12_4_10events,9,3.531966,1.450140,105.060386,7.794191
Z0,public_health__food_safety_96_12_4_10events,9,7.457611,2.268067,1853.564018,34.104777
Z0,public_health__hiv_aids_96_12_4_10events,9,1.144311,0.827269,49.944603,5.488648
Z0,public_health__infectious_disease_96_12_4_10events,9,1.105949,0.755922,108.549164,7.514684
Z0,public_health__mental_health_96_12_4_10events,9,1.744222,1.018324,198.877300,10.821009
Z0,public_health__obesity_96_12_4_10events,9,8.253388,1.878269,1101.293004,20.862005
Z0,public_health__opioid_crisis_96_12_4_10events,9,0.820915,0.713176,144.534680,9.589144
Z0,public_policy__carbon_emissions_96_12_4_10events,9,1.736287,1.018411,332.105340,14.381682
Z0,public_policy__federal_reserve_96_12_4_10events,9,6.926564,1.865223,1536.058692,29.395906
Z0,public_policy__healthcare_policy_96_12_4_10events,9,7.878755,2.209477,2280.171207,38.920111
Z0,public_policy__human_rights_96_12_4_10events,9,5.682310,1.603988,899.665854,19.721153
Z0,public_policy__immigration_reform_96_12_4_10events,9,1.760449,0.952337,305.816148,12.749120
Z0,public_policy__national_debt_96_12_4_10events,9,1.547128,1.068245,222.507685,12.837626
Z0,public_policy__presidential_election_96_12_4_10events,9,0.252989,0.265783,26.003447,2.694121
Z0,public_policy__refugee_support_96_12_4_10events,9,6.203008,1.932521,2934.745150,40.839709
Z0,public_policy__renewable_energy_96_12_4_10events,9,2.752029,1.278247,1018.033183,24.314706
Z0,public_policy__space_exploration_96_12_4_10events,9,3.094473,1.101386,1264.955125,22.038953
Z0,public_policy__wildlife_conservation_96_12_4_10events,9,4.739501,1.424580,768.174052,17.530555
Z0,science__cancer_research_96_12_4_10events,9,0.828981,0.703303,145.258948,9.144699
Z0,science__data_breach_96_12_4_10events,9,1.719438,0.942729,357.211547,13.847705
Z0,science__earthquake_96_12_4_10events,9,0.358383,0.367577,46.651534,4.241082
Z0,science__food_recall_96_12_4_10events,9,0.511081,0.546640,66.243356,6.623822
Z0,science__gene_editing_96_12_4_10events,9,1.834471,1.080821,358.255375,15.155723
Z0,science__meteor_shower_96_12_4_10events,9,1.263525,0.590470,136.457198,6.361079
Z0,science__nobel_prize_96_12_4_10events,9,39.225168,1.901099,5988.453229,29.384253
Z0,science__quantum_computing_96_12_4_10events,9,7.500631,1.467312,4621.479786,32.742066
Z0,science__vaccine_research_96_12_4_10events,9,11.085083,2.238692,2126.374143,36.344486
Z0,science__volcanic_eruption_96_12_4_10events,9,1.237940,0.757090,44.258865,4.620436
Z0,shopping__air_conditioner_96_12_4_10events,9,0.230432,0.288064,81.502857,5.597281
Z0,shopping__back_to_school_96_12_4_10events,9,0.398863,0.379079,176.345674,8.094872
Z0,shopping__black_friday_deals_96_12_4_10events,9,1.610871,0.536820,197.068726,6.530938
Z0,shopping__christmas_gifts_96_12_4_10events,9,0.845565,0.590091,377.925917,12.548318
Z0,shopping__fashion_week_96_12_4_10events,9,1.386270,0.804367,310.205920,12.160912
Z0,shopping__flu_shot_96_12_4_10events,9,0.555089,0.541927,163.621871,9.229518
Z0,shopping__halloween_costumes_96_12_4_10events,9,1.060532,0.571504,184.467732,7.887861
Z0,shopping__organic_food_96_12_4_10events,9,2.182084,1.084527,185.912165,10.021800
Z0,shopping__ski_gear_96_12_4_10events,9,0.214986,0.291874,119.799040,6.897392
Z0,shopping__tax_software_96_12_4_10events,9,3.493497,1.429706,3022.176239,41.073032
Z0,society__affordable_housing_96_12_4_10events,9,1.667547,1.062841,88.507155,7.767522
Z0,society__cybersecurity_96_12_4_10events,9,8.257405,1.762465,577.806191,18.536678
Z0,society__data_privacy_96_12_4_10events,9,9.218624,2.286396,3760.238402,47.033278
Z0,society__domestic_violence_96_12_4_10events,9,2.689611,1.338952,233.417381,12.696425
Z0,society__gender_equality_96_12_4_10events,9,4.834574,1.380744,1889.433563,26.992419
Z0,society__homelessness_96_12_4_10events,9,2.968819,1.273438,402.455585,14.735803
Z0,society__income_inequality_96_12_4_10events,9,2.230373,1.112155,986.504792,23.149981
Z0,society__infrastructure_spending_96_12_4_10events,9,9.391404,1.940645,8464.443894,62.981728
Z0,society__protest_96_12_4_10events,9,12.981957,1.078379,299.796319,7.603382
Z0,society__wildfires_96_12_4_10events,9,0.141882,0.312693,6.982756,2.187904
Z0,traffic__air_travel_96_12_4_10events,9,9.094433,2.270325,1547.880343,31.051712
Z0,traffic__autonomous_driving_96_12_4_10events,9,14.448541,2.848937,2938.074179,44.555194
Z0,traffic__electric_vehicle_96_12_4_10events,9,14.959579,2.409310,711.132259,19.983530
Z0,traffic__formula_1_96_12_4_10events,9,1.584970,0.932298,364.590446,14.153022
Z0,traffic__gas_prices_96_12_4_10events,9,16.374323,1.294283,13.040477,1.224583
Z0,traffic__rocket_launch_96_12_4_10events,9,0.962304,0.781470,58.774773,6.107086
Z0,traffic__tesla_96_12_4_10events,9,0.978848,0.804664,130.847411,9.282397
Z0,traffic__tour_de_france_96_12_4_10events,9,1.098724,0.481310,249.613216,7.367770
Z0,traffic__traffic_insurance_96_12_4_10events,9,8.980687,2.345768,2350.864753,38.697981
Z0,traffic__used_car_96_12_4_10events,9,4.196307,1.640528,176.655304,10.445166
A48,CropsAndStaples__barley_inr_t_96_12_12_10events,17,2.647954+/-0.052550,0.895345+/-0.014995,4218.258016+/-121.541260,47.502062+/-0.912355
A48,CropsAndStaples__canola_cad_t_96_12_12_10events,17,1.384991+/-0.011207,0.873837+/-0.007446,1023.830248+/-11.746703,24.743197+/-0.263158
A48,CropsAndStaples__cocoa_usd_t_96_12_12_10events,17,1.041656+/-0.014229,0.804272+/-0.003448,753194.132046+/-7253.190117,703.078204+/-2.128741
A48,CropsAndStaples__cotton_usd_lbs_96_12_12_10events,18,1.781591+/-0.033277,0.926254+/-0.005351,3.205848+/-0.076116,1.225169+/-0.007894
A48,CropsAndStaples__diammonium_usd_t_96_12_12_10events,16,0.846892+/-0.017165,0.618991+/-0.009552,1099.625064+/-26.280795,25.581525+/-0.407841
A48,CropsAndStaples__oat_usd_bu_96_12_12_10events,18,2.100099+/-0.014571,1.038412+/-0.006526,419.814081+/-4.089563,15.863482+/-0.092505
A48,CropsAndStaples__potatoes_eur_100kg_96_12_12_10events,17,1.002376+/-0.011104,0.753117+/-0.005006,6.061036+/-0.250244,1.714193+/-0.026287
A48,CropsAndStaples__rice_usd_cwt_96_12_12_10events,18,1.081880+/-0.018581,0.777469+/-0.006182,0.319114+/-0.004277,0.452565+/-0.002799
A48,CropsAndStaples__sugar_usd_lbs_96_12_12_10events,17,1.368565+/-0.008250,0.811987+/-0.003645,0.501709+/-0.005571,0.543918+/-0.002560
A48,CropsAndStaples__urea_usd_t_96_12_12_10events,16,2.289730+/-0.036858,1.047939+/-0.006181,1717.680233+/-36.379286,30.367486+/-0.217677
A48,CropsAndStaples__wheat_usd_bu_96_12_12_10events,17,1.743839+/-0.035004,0.911020+/-0.009128,421.377046+/-11.376125,14.501217+/-0.167698
A48,Currency__usdtoaud_exchangerate_96_12_12_10events,18,1.191178+/-0.014806,0.811512+/-0.007519,0.000382+/-0.000006,0.015487+/-0.000183
A48,Currency__usdtobrl_exchangerate_96_12_12_10events,18,1.205504+/-0.016711,0.923638+/-0.005315,0.010989+/-0.000147,0.089541+/-0.000567
A48,Currency__usdtocad_exchangerate_96_12_12_10events,18,0.861354+/-0.007482,0.730933+/-0.003161,0.000188+/-0.000002,0.011039+/-0.000072
A48,Currency__usdtochf_exchangerate_96_12_12_10events,18,1.195682+/-0.007872,0.797041+/-0.003828,0.000233+/-0.000007,0.011063+/-0.000077
A48,Currency__usdtogbp_exchangerate_96_12_12_10events,18,0.905739+/-0.017561,0.701746+/-0.002037,0.000082+/-0.000001,0.007267+/-0.000025
A48,Currency__usdtohkd_exchangerate_96_12_12_10events,18,1.499896+/-0.008474,0.878471+/-0.002448,0.000453+/-0.000006,0.017228+/-0.000025
A48,Currency__usdtoinr_exchangerate_96_12_12_10events,18,1.919580+/-0.018462,1.081253+/-0.005063,1.374481+/-0.012968,0.944980+/-0.004549
A48,Currency__usdtokrw_exchangerate_96_12_12_10events,18,1.509954+/-0.010925,0.912586+/-0.005053,652.180796+/-5.469554,20.487707+/-0.095066
A48,Currency__usdtomxn_exchangerate_96_12_12_10events,18,1.054056+/-0.014771,0.760132+/-0.006437,0.085104+/-0.000821,0.236355+/-0.001686
A48,Currency__usdtosgd_exchangerate_96_12_12_10events,18,0.885444+/-0.004240,0.693467+/-0.002063,0.000093+/-0.000001,0.007632+/-0.000045
A48,EnergyAndFuels__bitumen_cny_t_96_12_12_10events,17,2.294934+/-0.015985,0.980173+/-0.005806,75043.486078+/-572.926683,161.474997+/-0.852951
A48,EnergyAndFuels__brent_usd_bbl_96_12_12_10events,17,3.444469+/-0.126009,1.151252+/-0.011143,41.188881+/-1.477962,3.795299+/-0.044273
A48,EnergyAndFuels__coal_usd_t_96_12_12_10events,18,3.252467+/-0.002617,1.115260+/-0.003380,59.322710+/-0.583271,4.831230+/-0.017817
A48,EnergyAndFuels__ethanol_usd_gal_96_12_12_10events,17,1.990775+/-0.003009,0.972797+/-0.005180,0.008693+/-0.000107,0.071813+/-0.000660
A48,EnergyAndFuels__gasoline_usd_gal_96_12_12_10events,18,2.833198+/-0.038845,1.143932+/-0.006507,0.035919+/-0.001056,0.114476+/-0.000974
A48,EnergyAndFuels__methanol_cny_t_96_12_12_10events,16,2.511625+/-0.122891,1.030674+/-0.012604,27198.190579+/-1472.826213,105.989426+/-1.310134
A48,EnergyAndFuels__naphtha_usd_t_96_12_12_10events,17,6.044750+/-0.014736,1.268411+/-0.004968,2522.027879+/-10.390710,23.728806+/-0.127205
A48,EnergyAndFuels__propane_usd_gal_96_12_12_10events,17,2.114199+/-0.020765,1.004186+/-0.007048,0.002127+/-0.000017,0.036081+/-0.000289
A48,EnergyAndFuels__rapeseed_eur_t_96_12_12_10events,17,1.303158+/-0.012477,0.886293+/-0.001841,183.206026+/-0.570937,10.454485+/-0.067163
A48,EnergyAndFuels__uranium_usd_lbs_96_12_12_10events,17,2.829565+/-0.019290,1.117687+/-0.004605,23.697892+/-0.169184,3.571508+/-0.015482
A48,LivestockAndFoodProducts__beef_brl_kg_96_12_12_10events,33,1.218938+/-0.009788,0.780197+/-0.006807,0.764482+/-0.040501,0.607514+/-0.015321
A48,LivestockAndFoodProducts__butter_eur_t_96_12_12_10events,34,1.029879+/-0.015043,0.694893+/-0.002024,132299.851968+/-1175.536140,259.080426+/-0.966052
A48,LivestockAndFoodProducts__cheese_usd_lbs_96_12_12_10events,35,2.502553+/-0.012468,0.867723+/-0.002243,0.008350+/-0.000067,0.069621+/-0.000295
A48,LivestockAndFoodProducts__coffee_usd_lbs_96_12_12_10events,35,1.757400+/-0.009248,0.978673+/-0.001724,960.686892+/-9.492550,25.686877+/-0.070964
A48,LivestockAndFoodProducts__corn_usd_bu_96_12_12_10events,34,1.374965+/-0.002669,0.827596+/-0.000473,361.022353+/-1.500158,14.670144+/-0.022685
A48,LivestockAndFoodProducts__milk_usd_cwt_96_12_12_10events,36,1.176308+/-0.006441,0.730920+/-0.001480,0.714966+/-0.005901,0.620959+/-0.001028
A48,LivestockAndFoodProducts__poultry_brl_kgs_96_12_12_10events,33,2.156111+/-0.008529,1.020257+/-0.001664,0.092254+/-0.000438,0.233691+/-0.000229
A48,LivestockAndFoodProducts__salmon_nok_kg_96_12_12_10events,10,1.141564+/-0.025000,0.862571+/-0.009890,42.789012+/-0.883196,5.294180+/-0.058749
A48,LivestockAndFoodProducts__soybeans_usd_bu_96_12_12_10events,34,1.392149+/-0.007436,0.930002+/-0.002841,1832.136714+/-15.497529,33.470262+/-0.047096
A48,LivestockAndFoodProducts__wool_aud_100kg_96_12_12_10events,34,1.485030+/-0.021621,0.886505+/-0.007672,3765.432972+/-62.833129,41.497394+/-0.403648
A48,RawMaterialsAndConstruction__aluminum_usd_t_96_12_12_10events,17,1.479248+/-0.023860,0.912792+/-0.010108,15098.613509+/-189.310862,94.521634+/-1.084347
A48,RawMaterialsAndConstruction__copper_usd_lbs_96_12_12_10events,17,1.782855+/-0.012722,0.976885+/-0.006775,0.159277+/-0.001822,0.307987+/-0.002614
A48,RawMaterialsAndConstruction__lead_usd_t_96_12_12_10events,18,1.166890+/-0.003688,0.847408+/-0.002662,1358.801553+/-8.058492,28.286239+/-0.136856
A48,RawMaterialsAndConstruction__lumber_usd_1000_board_feet_96_12_12_10events,17,0.891189+/-0.004371,0.723369+/-0.002552,1208.590540+/-10.721829,27.384911+/-0.109607
A48,RawMaterialsAndConstruction__polyethylene_cny_t_96_12_12_10events,16,3.446334+/-0.056457,1.018848+/-0.005867,137867.503964+/-2390.082098,210.101876+/-1.218608
A48,RawMaterialsAndConstruction__polypropylene_cny_t_96_12_12_10events,17,3.599976+/-0.033998,1.119062+/-0.002936,172620.017823+/-5214.356297,219.515034+/-1.967495
A48,RawMaterialsAndConstruction__rubber_usd_cents_kg_96_12_12_10events,18,1.845290+/-0.003239,0.985105+/-0.007982,50.404289+/-0.982305,5.740998+/-0.077916
A48,RawMaterialsAndConstruction__steel_cny_t_96_12_12_10events,17,1.002647+/-0.007414,0.786453+/-0.001353,4768.607648+/-30.405109,54.078443+/-0.134247
A48,RawMaterialsAndConstruction__tin_usd_t_96_12_12_10events,18,1.657856+/-0.040921,0.998547+/-0.011800,8482433.352285+/-363555.483529,2138.672888+/-35.589291
A48,RawMaterialsAndConstruction__zinc_usd_t_96_12_12_10events,17,1.334605+/-0.010829,0.897067+/-0.004244,13882.394243+/-150.771880,92.485196+/-0.598524
A48,SpecialtyAndAdvancedMaterials__gallium_cny_kg_96_12_12_10events,15,2.314204+/-0.037225,1.029527+/-0.010999,4016.201055+/-64.623535,45.287146+/-0.400550
A48,SpecialtyAndAdvancedMaterials__germanium_cny_kg_96_12_12_10events,15,1.241348+/-0.027312,0.887714+/-0.006177,133455.968064+/-4624.033939,274.699830+/-2.794482
A48,SpecialtyAndAdvancedMaterials__indium_cny_kg_96_12_12_10events,15,9.083259+/-0.054037,1.175007+/-0.011701,167958.036312+/-4564.500336,222.050646+/-3.675280
A48,SpecialtyAndAdvancedMaterials__magnesium_cny_t_96_12_12_10events,15,0.914043+/-0.005847,0.712186+/-0.002761,226157.513824+/-1608.668766,341.029767+/-1.515126
A48,SpecialtyAndAdvancedMaterials__molybdenum_cny_kg_96_12_12_10events,14,2.265102+/-0.025145,1.050886+/-0.010979,735.491974+/-6.756544,20.608005+/-0.217945
A48,SpecialtyAndAdvancedMaterials__polyvinyl_cny_t_96_12_12_10events,14,2.307537+/-0.009592,0.988107+/-0.007175,68611.775261+/-166.895369,162.882394+/-1.283196
A48,SpecialtyAndAdvancedMaterials__tellurium_cny_kg_96_12_12_10events,15,0.817716+/-0.027600,0.633221+/-0.021259,1115.733157+/-40.043014,26.875936+/-0.908487
A48,SpecialtyAndAdvancedMaterials__titanium_cny_kg_96_12_12_10events,14,0.765324+/-0.007455,0.632665+/-0.001237,0.752653+/-0.005191,0.653335+/-0.001102
A48,StrategicAndHighValueMaterials__cobalt_usd_t_96_12_12_10events,18,11.325501+/-0.062621,1.125519+/-0.010822,8247788.065411+/-307126.680793,2113.597004+/-27.876612
A48,StrategicAndHighValueMaterials__gold_usd_t_oz_96_12_12_10events,18,1.767715+/-0.053822,0.990259+/-0.012991,72338.612553+/-1501.641292,202.248206+/-1.856521
A48,StrategicAndHighValueMaterials__lithium_cny_t_96_12_12_10events,17,1.800838+/-0.037865,0.922616+/-0.004738,209214320.536409+/-6113370.936429,9498.457474+/-112.975157
A48,StrategicAndHighValueMaterials__manganese_cny_mtu_96_12_12_10events,17,3.023294+/-0.043018,1.119132+/-0.006247,0.318603+/-0.003484,0.373745+/-0.002403
A48,StrategicAndHighValueMaterials__neodymium_cny_t_96_12_12_10events,17,2.629001+/-0.019855,1.128549+/-0.004433,4076389236.160671+/-36349892.359937,48078.261535+/-224.473231
A48,StrategicAndHighValueMaterials__nickel_usd_t_96_12_12_10events,18,3.782763+/-0.044740,1.095747+/-0.007014,468142.045021+/-9362.093337,410.269698+/-3.933990
A48,StrategicAndHighValueMaterials__palladium_usd_t_oz_96_12_12_10events,18,2.311931+/-0.022145,1.117047+/-0.005498,26073.707062+/-32.113949,116.926129+/-0.095224
A48,StrategicAndHighValueMaterials__platinum_usd_t_oz_96_12_12_10events,19,3.385070+/-0.036474,1.202486+/-0.006757,47886.392018+/-463.946296,151.082747+/-1.104437
A48,StrategicAndHighValueMaterials__rhodium_usd_t_oz_96_12_12_10events,18,3.956976+/-0.030401,1.233871+/-0.007715,786272.857179+/-4077.935551,681.917173+/-3.484005
A48,StrategicAndHighValueMaterials__silver_usd_t_oz_96_12_12_10events,18,1.884302+/-0.044383,1.087396+/-0.021071,59.156646+/-2.172080,5.602527+/-0.119568
A48,arts__art_exhibitions_96_12_4_10events,16,12.362407+/-0.015437,1.841811+/-0.003236,4419.804049+/-23.960773,36.554479+/-0.095081
A48,arts__broadway_shows_96_12_4_10events,16,1.739423+/-0.019076,0.835985+/-0.004795,84.723261+/-0.529413,6.453998+/-0.041758
A48,arts__comic_con_96_12_4_10events,16,1.330500+/-0.008825,0.728696+/-0.002409,118.266644+/-0.666722,7.221862+/-0.020562
A48,arts__esports_96_12_4_10events,16,3.805434+/-0.012591,1.201400+/-0.001013,530.318601+/-1.837270,15.410540+/-0.022832
A48,arts__film_festivals_96_12_4_10events,16,4.608126+/-0.016154,1.465441+/-0.005894,825.468757+/-3.814770,18.640927+/-0.076445
A48,arts__food_wine_festivals_96_12_4_10events,7,1.222806+/-0.021230,1.027475+/-0.005888,1265.425935+/-21.956219,33.062134+/-0.190420
A48,arts__major_league_baseball_96_12_4_10events,16,0.891073+/-0.003442,0.638914+/-0.003351,148.021237+/-0.642342,8.318949+/-0.045551
A48,arts__music_festivals_96_12_4_10events,16,0.667753+/-0.004172,0.643457+/-0.003510,162.930742+/-1.037771,10.018222+/-0.058792
A48,arts__national_basketball_association_96_12_4_10events,16,1.785756+/-0.007343,0.967175+/-0.000727,829.633461+/-4.111410,20.968492+/-0.020147
A48,arts__national_football_league_96_12_4_10events,16,1.514500+/-0.017234,0.744100+/-0.003445,267.259302+/-3.120649,10.620132+/-0.044538
A48,climate__deforestation_96_12_4_10events,9,0.864162+/-0.009960,0.761181+/-0.005714,411.563515+/-4.578212,16.612969+/-0.123025
A48,climate__drought_96_12_4_10events,9,1.223785+/-0.012615,0.734938+/-0.004928,41.414161+/-0.436108,4.382221+/-0.029396
A48,climate__endangered_species_96_12_4_10events,9,1.085095+/-0.006825,0.795089+/-0.002547,461.472777+/-2.939130,16.385589+/-0.051972
A48,climate__flooding_96_12_4_10events,9,8.795718+/-0.017463,0.978658+/-0.003066,1782.720260+/-3.437168,16.534989+/-0.087609
A48,climate__global_warming_96_12_4_10events,9,0.878513+/-0.011530,0.808666+/-0.005254,182.607105+/-2.457654,11.711365+/-0.078052
A48,climate__heatwave_96_12_4_10events,9,1.691084+/-0.022406,0.802160+/-0.009862,128.981642+/-1.946216,7.278098+/-0.096782
A48,climate__heavy_rainfall_96_12_4_10events,9,4.787172+/-0.050411,1.613080+/-0.018489,3165.599246+/-51.904600,42.179521+/-0.562303
A48,climate__marine_pollution_96_12_4_10events,9,0.950174+/-0.008973,0.728820+/-0.003309,537.011874+/-4.935864,17.299243+/-0.076831
A48,climate__sustainable_fashion_96_12_4_10events,9,36.550947+/-0.110925,3.800628+/-0.009080,27056.498377+/-83.024082,89.458644+/-0.223321
A48,climate__water_scarcity_96_12_4_10events,9,2.061414+/-0.012767,1.060858+/-0.001495,1187.863440+/-7.381169,25.284571+/-0.034549
A48,economy__cost_of_living_96_12_4_10events,9,12.662264+/-0.057107,2.673267+/-0.005727,1381.798350+/-6.097464,27.876150+/-0.067129
A48,economy__federal_budget_deficit_96_12_4_10events,9,1.163452+/-0.016104,0.868908+/-0.007579,536.683938+/-7.525497,18.699449+/-0.163793
A48,economy__government_spending_96_12_4_10events,9,1.103098+/-0.006631,0.868991+/-0.002414,435.114922+/-2.751172,17.245852+/-0.049629
A48,economy__healthcare_costs_96_12_4_10events,9,4.671680+/-0.078596,1.760093+/-0.016262,2022.609818+/-24.531462,36.489836+/-0.296409
A48,economy__inflation_96_12_4_10events,9,3.402505+/-0.006552,1.462680+/-0.001327,102.229951+/-0.056652,7.964356+/-0.003648
A48,economy__international_trade_96_12_4_10events,9,4.663191+/-0.017556,1.607105+/-0.000475,1116.732180+/-5.505905,24.473603+/-0.016138
A48,economy__minimum_wage_96_12_4_10events,9,1.234386+/-0.001524,0.644036+/-0.002256,85.822203+/-0.214219,5.635653+/-0.020174
A48,economy__student_loans_96_12_4_10events,9,0.465596+/-0.010145,0.542869+/-0.009059,2.878831+/-0.065493,1.343883+/-0.022663
A48,economy__taxes_96_12_4_10events,9,0.405897+/-0.008464,0.413906+/-0.003664,134.000165+/-2.757726,7.604482+/-0.066182
A48,economy__unemployment_rate_96_12_4_10events,9,4.579850+/-0.050934,1.511703+/-0.008098,1163.457581+/-14.488662,23.888232+/-0.134796
A48,electronic_technology__alphabet_96_12_4_10events,9,1.426758+/-0.010594,0.960498+/-0.003391,120.223750+/-0.944802,8.801786+/-0.031479
A48,electronic_technology__amazon_96_12_4_10events,9,0.873489+/-0.011944,0.745649+/-0.005898,54.181785+/-1.272497,5.813002+/-0.055153
A48,electronic_technology__apple_inc_96_12_4_10events,9,19.564864+/-0.101689,2.698932+/-0.017058,5662.162465+/-24.386613,39.889257+/-0.229427
A48,electronic_technology__artificial_intelligence_96_12_4_10events,9,26.395787+/-0.143623,3.289702+/-0.036646,3682.393489+/-54.372094,44.158338+/-0.758072
A48,electronic_technology__consumer_electronics_96_12_4_10events,9,19.338285+/-0.121734,3.206558+/-0.018993,6063.893624+/-87.329406,63.083579+/-0.525767
A48,electronic_technology__drones_96_12_4_10events,9,0.031743+/-0.003337,0.131000+/-0.005924,5.119016+/-0.538651,1.665119+/-0.075329
A48,electronic_technology__meta_platforms_96_12_4_10events,9,25.992831+/-0.044557,2.612849+/-0.002578,6207.858610+/-24.273676,55.089949+/-0.065682
A48,electronic_technology__microsoft_96_12_4_10events,9,1.238247+/-0.020044,0.886112+/-0.006427,53.873156+/-0.880544,5.826140+/-0.042283
A48,electronic_technology__nvidia_96_12_4_10events,9,1.046869+/-0.010497,0.671607+/-0.005827,156.018260+/-1.648912,8.323583+/-0.074704
A48,electronic_technology__robotics_96_12_4_10events,9,5.984831+/-0.057500,2.099644+/-0.011904,1159.166188+/-12.665402,28.198140+/-0.165822
A48,finance__asset_management_96_12_4_10events,9,4.230893+/-0.028624,1.622820+/-0.006214,572.341545+/-3.927462,19.366658+/-0.079175
A48,finance__cryptocurrency_96_12_4_10events,9,17.242162+/-0.083926,2.035428+/-0.013812,915.193440+/-5.414010,18.385383+/-0.150488
A48,finance__financial_regulation_96_12_4_10events,9,14.587913+/-0.069047,3.111341+/-0.010605,8496.894278+/-95.223429,72.143226+/-0.425742
A48,finance__goldman_sachs_96_12_4_10events,9,9.124675+/-0.020920,1.832056+/-0.001343,475.475782+/-0.263083,12.883845+/-0.012463
A48,finance__hedge_funds_96_12_4_10events,9,3.206645+/-0.023464,1.418413+/-0.009344,412.147735+/-2.099805,15.575517+/-0.088782
A48,finance__investment_banking_96_12_4_10events,9,5.321273+/-0.013356,1.913617+/-0.004517,829.726427+/-3.550809,23.666073+/-0.071646
A48,finance__mortgage_rates_96_12_4_10events,9,1.520992+/-0.008218,0.765892+/-0.004925,168.615333+/-0.931572,8.197014+/-0.053376
A48,finance__private_equity_96_12_4_10events,9,7.347982+/-0.050407,2.128430+/-0.015099,991.840391+/-9.732598,25.480767+/-0.208248
A48,finance__stock_market_96_12_4_10events,9,0.312143+/-0.014387,0.418826+/-0.006101,46.656633+/-2.147120,5.115259+/-0.074272
A48,finance__venture_capital_96_12_4_10events,9,6.974374+/-0.049534,2.062759+/-0.011039,770.069780+/-12.021247,21.955181+/-0.165209
A48,pets__animal_migration_96_12_4_10events,9,2.831257+/-0.024272,1.199461+/-0.002263,672.588870+/-5.746475,18.446007+/-0.034127
A48,pets__animal_rescue_96_12_4_10events,9,2.585996+/-0.022031,1.265549+/-0.006369,49.153819+/-0.432817,5.532295+/-0.028193
A48,pets__animal_welfare_96_12_4_10events,9,11.072950+/-0.123541,2.373081+/-0.013960,875.417121+/-10.764288,20.188156+/-0.128130
A48,pets__beekeeping_96_12_4_10events,9,1.371208+/-0.018002,0.737371+/-0.004563,92.449788+/-1.202081,6.046412+/-0.037035
A48,pets__biodiversity_96_12_4_10events,9,1.085788+/-0.013247,0.877738+/-0.005764,690.590001+/-7.787000,22.100791+/-0.140392
A48,pets__invasive_species_96_12_4_10events,9,0.846380+/-0.006489,0.758711+/-0.003922,332.528771+/-2.434986,15.045681+/-0.076836
A48,pets__marine_life_96_12_4_10events,9,3.421341+/-0.010031,1.259593+/-0.010742,591.034857+/-1.987893,16.507030+/-0.139326
A48,pets__pest_control_96_12_4_10events,9,1.390237+/-0.031013,0.903797+/-0.008569,386.093619+/-7.155349,16.116735+/-0.139625
A48,pets__pet_adoption_96_12_4_10events,9,6.683869+/-0.048134,1.401706+/-0.008940,207.751068+/-2.079504,8.469741+/-0.059367
A48,pets__pet_health_96_12_4_10events,9,24.846154+/-0.298371,3.712046+/-0.020277,5486.150876+/-54.337441,60.052364+/-0.270892
A48,public_health__air_pollution_96_12_4_10events,9,0.819287+/-0.007944,0.725632+/-0.003378,57.280304+/-0.551319,6.060884+/-0.028198
A48,public_health__climate_change_96_12_4_10events,9,0.030868+/-0.001181,0.138409+/-0.001617,1.794052+/-0.068489,1.055238+/-0.012304
A48,public_health__diabetes_96_12_4_10events,9,2.851969+/-0.009750,1.290510+/-0.007558,107.031999+/-0.300730,7.951546+/-0.045855
A48,public_health__drug_overdose_96_12_4_10events,9,4.299372+/-0.058191,1.593471+/-0.008126,127.503176+/-2.073396,8.569616+/-0.049687
A48,public_health__food_safety_96_12_4_10events,9,9.553386+/-0.134990,2.665605+/-0.020624,2519.507440+/-22.389915,40.680752+/-0.256710
A48,public_health__hiv_aids_96_12_4_10events,9,1.350127+/-0.009781,0.872674+/-0.003352,58.812022+/-0.465976,5.801634+/-0.023462
A48,public_health__infectious_disease_96_12_4_10events,9,1.542779+/-0.015968,0.925036+/-0.011454,152.930957+/-1.596018,9.210638+/-0.114628
A48,public_health__mental_health_96_12_4_10events,9,2.526559+/-0.027075,1.237746+/-0.004684,287.198986+/-3.233291,13.149202+/-0.051961
A48,public_health__obesity_96_12_4_10events,9,8.119013+/-0.022119,1.952082+/-0.003713,1055.910809+/-2.728369,21.454393+/-0.038986
A48,public_health__opioid_crisis_96_12_4_10events,9,1.679551+/-0.009767,1.022231+/-0.004325,302.110544+/-1.746710,13.810713+/-0.059788
A48,public_policy__carbon_emissions_96_12_4_10events,9,1.160643+/-0.013549,0.856715+/-0.006687,226.723855+/-2.740301,12.161840+/-0.095934
A48,public_policy__federal_reserve_96_12_4_10events,9,7.070994+/-0.040514,1.735501+/-0.011425,1667.064582+/-16.956845,27.753508+/-0.243940
A48,public_policy__healthcare_policy_96_12_4_10events,9,10.714209+/-0.074727,2.662745+/-0.014651,3470.971071+/-54.062258,48.553002+/-0.404703
A48,public_policy__human_rights_96_12_4_10events,9,6.105126+/-0.035536,1.669605+/-0.001082,965.527592+/-6.573553,20.521320+/-0.017168
A48,public_policy__immigration_reform_96_12_4_10events,9,2.025236+/-0.015552,0.937845+/-0.000459,345.936460+/-2.447824,12.504499+/-0.002854
A48,public_policy__national_debt_96_12_4_10events,9,1.278641+/-0.016643,0.955441+/-0.008006,184.720510+/-2.409808,11.480680+/-0.097076
A48,public_policy__presidential_election_96_12_4_10events,9,0.009243+/-0.001800,0.069672+/-0.001834,0.948451+/-0.184891,0.705775+/-0.018591
A48,public_policy__refugee_support_96_12_4_10events,9,7.697212+/-0.066599,2.065085+/-0.006419,3811.415754+/-37.153885,44.360198+/-0.158916
A48,public_policy__renewable_energy_96_12_4_10events,9,2.614131+/-0.041519,1.224297+/-0.005408,953.095330+/-17.036202,23.234005+/-0.111947
A48,public_policy__space_exploration_96_12_4_10events,9,2.283423+/-0.012676,1.054668+/-0.006517,928.228619+/-5.057388,20.999761+/-0.126335
A48,public_policy__wildlife_conservation_96_12_4_10events,9,5.860414+/-0.083403,1.652343+/-0.010275,933.318641+/-14.182332,20.229120+/-0.127902
A48,science__cancer_research_96_12_4_10events,9,1.631172+/-0.033620,1.036514+/-0.013745,282.341874+/-5.713530,13.454123+/-0.180214
A48,science__data_breach_96_12_4_10events,9,1.680728+/-0.007416,0.940472+/-0.004265,352.506094+/-2.243675,13.830158+/-0.068923
A48,science__earthquake_96_12_4_10events,9,0.475066+/-0.009776,0.409666+/-0.007927,61.997410+/-1.287523,4.728155+/-0.092484
A48,science__food_recall_96_12_4_10events,9,0.657068+/-0.005449,0.608127+/-0.003740,78.265644+/-0.827400,7.111688+/-0.060194
A48,science__gene_editing_96_12_4_10events,9,2.854549+/-0.024091,1.286205+/-0.008052,537.583301+/-5.479447,17.869429+/-0.121592
A48,science__meteor_shower_96_12_4_10events,9,1.486763+/-0.002387,0.583897+/-0.004103,156.418504+/-0.276393,6.263293+/-0.048379
A48,science__nobel_prize_96_12_4_10events,9,39.849751+/-0.058990,1.946044+/-0.008305,6108.435247+/-20.029198,30.132990+/-0.141194
A48,science__quantum_computing_96_12_4_10events,9,9.354164+/-0.023755,1.750789+/-0.000919,5849.261803+/-19.636572,38.985198+/-0.038965
A48,science__vaccine_research_96_12_4_10events,9,13.369394+/-0.036191,2.710553+/-0.001460,3198.714269+/-10.997740,45.740414+/-0.030490
A48,science__volcanic_eruption_96_12_4_10events,9,1.399731+/-0.006623,0.844595+/-0.004129,50.003248+/-0.251993,5.159181+/-0.025637
A48,shopping__air_conditioner_96_12_4_10events,9,0.616154+/-0.013762,0.411647+/-0.006935,201.920155+/-4.381738,7.649203+/-0.128761
A48,shopping__back_to_school_96_12_4_10events,9,1.125753+/-0.001725,0.634116+/-0.003530,481.982023+/-1.184637,13.409688+/-0.077312
A48,shopping__black_friday_deals_96_12_4_10events,9,2.028715+/-0.014650,0.488214+/-0.004090,242.836547+/-2.464738,5.826290+/-0.057330
A48,shopping__christmas_gifts_96_12_4_10events,9,2.281238+/-0.023797,0.928310+/-0.010425,933.159064+/-12.517079,19.757160+/-0.250051
A48,shopping__fashion_week_96_12_4_10events,9,2.221911+/-0.007420,1.004535+/-0.002253,480.962091+/-1.905118,15.135928+/-0.037199
A48,shopping__flu_shot_96_12_4_10events,9,1.487796+/-0.015462,0.864768+/-0.005354,418.434843+/-4.300890,14.643843+/-0.076954
A48,shopping__halloween_costumes_96_12_4_10events,9,2.073509+/-0.021844,0.872736+/-0.010067,393.486885+/-4.734984,12.823383+/-0.150073
A48,shopping__organic_food_96_12_4_10events,9,1.892421+/-0.027515,1.042795+/-0.008016,160.971877+/-2.322966,9.622562+/-0.073747
A48,shopping__ski_gear_96_12_4_10events,9,1.269952+/-0.017923,0.751021+/-0.005651,695.440259+/-10.231556,17.672643+/-0.135306
A48,shopping__tax_software_96_12_4_10events,9,4.251617+/-0.012662,1.613011+/-0.003991,3628.250882+/-20.024302,45.996376+/-0.158865
A48,society__affordable_housing_96_12_4_10events,9,2.056439+/-0.024994,1.165358+/-0.006567,109.596464+/-1.335175,8.514061+/-0.048026
A48,society__cybersecurity_96_12_4_10events,9,10.903986+/-0.090265,2.384681+/-0.004576,1073.192215+/-5.336535,28.067253+/-0.154472
A48,society__data_privacy_96_12_4_10events,9,12.628596+/-0.130266,2.855408+/-0.023179,5484.299592+/-149.928146,59.292007+/-0.766837
A48,society__domestic_violence_96_12_4_10events,9,3.357515+/-0.015634,1.535660+/-0.006711,296.396557+/-2.081218,14.638792+/-0.075533
A48,society__gender_equality_96_12_4_10events,9,4.033246+/-0.044610,1.411844+/-0.006597,1568.134115+/-18.209887,27.495203+/-0.130212
A48,society__homelessness_96_12_4_10events,9,2.704127+/-0.016327,1.242687+/-0.004281,365.572124+/-2.173021,14.401555+/-0.049533
A48,society__income_inequality_96_12_4_10events,9,2.562712+/-0.021703,1.199195+/-0.002187,1089.833494+/-10.701501,24.759026+/-0.051063
A48,society__infrastructure_spending_96_12_4_10events,9,12.385773+/-0.029618,2.570296+/-0.005002,12642.388618+/-149.486228,85.760188+/-0.356155
A48,society__protest_96_12_4_10events,9,13.767984+/-0.017322,1.135280+/-0.007408,319.950545+/-0.758637,7.908351+/-0.076895
A48,society__wildfires_96_12_4_10events,9,0.180591+/-0.004836,0.298711+/-0.004226,8.949502+/-0.239612,2.095139+/-0.029355
A48,traffic__air_travel_96_12_4_10events,9,11.279900+/-0.031500,2.662772+/-0.016151,2070.244341+/-21.836507,37.212503+/-0.289181
A48,traffic__autonomous_driving_96_12_4_10events,9,18.636611+/-0.061809,3.301994+/-0.011662,3893.483124+/-22.474341,51.938003+/-0.136555
A48,traffic__electric_vehicle_96_12_4_10events,9,14.799303+/-0.062046,2.402121+/-0.006615,706.205283+/-5.286682,19.981311+/-0.063915
A48,traffic__formula_1_96_12_4_10events,9,1.923942+/-0.021544,1.039203+/-0.005696,423.578306+/-5.035742,15.697115+/-0.097909
A48,traffic__gas_prices_96_12_4_10events,9,15.945482+/-0.010104,1.160594+/-0.004067,12.645984+/-0.006883,1.096013+/-0.003970
A48,traffic__rocket_launch_96_12_4_10events,9,0.623870+/-0.005927,0.614166+/-0.000908,38.089014+/-0.377869,4.795678+/-0.006587
A48,traffic__tesla_96_12_4_10events,9,0.447404+/-0.016742,0.501235+/-0.005267,60.001276+/-2.281900,5.786797+/-0.061019
A48,traffic__tour_de_france_96_12_4_10events,9,2.898189+/-0.003562,0.815530+/-0.009440,642.226406+/-0.282099,13.042799+/-0.167864
A48,traffic__traffic_insurance_96_12_4_10events,9,11.584145+/-0.202458,2.707095+/-0.024801,2663.909248+/-43.029192,42.917063+/-0.384196
A48,traffic__used_car_96_12_4_10events,9,4.144559+/-0.002759,1.545892+/-0.000747,171.189635+/-0.604133,9.762430+/-0.004257
M48T512,CropsAndStaples__barley_inr_t_96_12_12_10events,17,2.633274+/-0.054793,0.888232+/-0.017117,4208.845998+/-123.673942,47.276403+/-1.007521
M48T512,CropsAndStaples__canola_cad_t_96_12_12_10events,17,1.377156+/-0.010362,0.865237+/-0.007464,1009.706696+/-10.952721,24.354202+/-0.259835
M48T512,CropsAndStaples__cocoa_usd_t_96_12_12_10events,17,1.013665+/-0.014566,0.791342+/-0.002978,729806.708205+/-7499.054878,689.979841+/-1.567130
M48T512,CropsAndStaples__cotton_usd_lbs_96_12_12_10events,18,1.779885+/-0.032148,0.931851+/-0.005221,3.201094+/-0.073533,1.232334+/-0.007665
M48T512,CropsAndStaples__diammonium_usd_t_96_12_12_10events,16,0.774249+/-0.017207,0.582078+/-0.009962,967.754253+/-26.425019,23.974077+/-0.431364
M48T512,CropsAndStaples__oat_usd_bu_96_12_12_10events,18,2.097862+/-0.014591,1.033052+/-0.006728,415.368860+/-4.113874,15.734404+/-0.095051
M48T512,CropsAndStaples__potatoes_eur_100kg_96_12_12_10events,17,0.964021+/-0.008823,0.737237+/-0.004388,6.024676+/-0.202072,1.720617+/-0.024934
M48T512,CropsAndStaples__rice_usd_cwt_96_12_12_10events,18,1.082788+/-0.017017,0.768458+/-0.005619,0.311445+/-0.003902,0.443174+/-0.002615
M48T512,CropsAndStaples__sugar_usd_lbs_96_12_12_10events,17,1.401764+/-0.007958,0.825280+/-0.004280,0.506574+/-0.006516,0.550312+/-0.003119
M48T512,CropsAndStaples__urea_usd_t_96_12_12_10events,16,2.518318+/-0.026029,1.086755+/-0.005331,1957.293951+/-24.814649,31.585842+/-0.193047
M48T512,CropsAndStaples__wheat_usd_bu_96_12_12_10events,17,1.780560+/-0.034937,0.924802+/-0.008954,433.107700+/-11.593866,14.735025+/-0.166079
M48T512,Currency__usdtoaud_exchangerate_96_12_12_10events,18,1.189891+/-0.022971,0.809524+/-0.010895,0.000373+/-0.000011,0.015314+/-0.000268
M48T512,Currency__usdtobrl_exchangerate_96_12_12_10events,18,1.219777+/-0.018178,0.928131+/-0.006156,0.011207+/-0.000172,0.090134+/-0.000675
M48T512,Currency__usdtocad_exchangerate_96_12_12_10events,18,0.880756+/-0.006833,0.739427+/-0.003562,0.000192+/-0.000002,0.011136+/-0.000078
M48T512,Currency__usdtochf_exchangerate_96_12_12_10events,18,1.224561+/-0.008104,0.805594+/-0.003865,0.000229+/-0.000006,0.011063+/-0.000075
M48T512,Currency__usdtogbp_exchangerate_96_12_12_10events,18,0.906808+/-0.021554,0.702704+/-0.002940,0.000081+/-0.000001,0.007225+/-0.000027
M48T512,Currency__usdtohkd_exchangerate_96_12_12_10events,18,1.406457+/-0.010796,0.841313+/-0.004131,0.000402+/-0.000008,0.016309+/-0.000108
M48T512,Currency__usdtoinr_exchangerate_96_12_12_10events,18,1.891974+/-0.017934,1.071911+/-0.005469,1.355466+/-0.012603,0.936253+/-0.004958
M48T512,Currency__usdtokrw_exchangerate_96_12_12_10events,18,1.467480+/-0.011557,0.892222+/-0.005437,633.045390+/-6.191123,19.996653+/-0.110188
M48T512,Currency__usdtomxn_exchangerate_96_12_12_10events,18,1.039665+/-0.013944,0.752371+/-0.007553,0.081671+/-0.000720,0.231544+/-0.002270
M48T512,Currency__usdtosgd_exchangerate_96_12_12_10events,18,0.881234+/-0.004701,0.687371+/-0.001403,0.000090+/-0.000001,0.007523+/-0.000041
M48T512,EnergyAndFuels__bitumen_cny_t_96_12_12_10events,17,2.262964+/-0.016827,0.953715+/-0.006691,75080.938864+/-635.186463,157.295629+/-0.931122
M48T512,EnergyAndFuels__brent_usd_bbl_96_12_12_10events,17,3.465334+/-0.125618,1.143909+/-0.011392,41.444751+/-1.480618,3.770666+/-0.045432
M48T512,EnergyAndFuels__coal_usd_t_96_12_12_10events,18,3.300060+/-0.003954,1.124858+/-0.003251,59.866616+/-0.494304,4.853367+/-0.018282
M48T512,EnergyAndFuels__ethanol_usd_gal_96_12_12_10events,17,1.947834+/-0.001803,0.965780+/-0.004153,0.008561+/-0.000096,0.071415+/-0.000579
M48T512,EnergyAndFuels__gasoline_usd_gal_96_12_12_10events,18,2.846538+/-0.039443,1.140354+/-0.006760,0.036805+/-0.001052,0.114520+/-0.000975
M48T512,EnergyAndFuels__methanol_cny_t_96_12_12_10events,16,2.583791+/-0.118929,1.036765+/-0.012163,28211.324789+/-1421.736231,106.863472+/-1.260095
M48T512,EnergyAndFuels__naphtha_usd_t_96_12_12_10events,17,6.058123+/-0.014519,1.265372+/-0.005419,2535.418114+/-9.582698,23.839622+/-0.133820
M48T512,EnergyAndFuels__propane_usd_gal_96_12_12_10events,17,2.133478+/-0.019591,1.009430+/-0.006595,0.002174+/-0.000014,0.036474+/-0.000268
M48T512,EnergyAndFuels__rapeseed_eur_t_96_12_12_10events,17,1.310343+/-0.013903,0.889210+/-0.002579,186.625349+/-0.933709,10.490470+/-0.049925
M48T512,EnergyAndFuels__uranium_usd_lbs_96_12_12_10events,17,2.833618+/-0.020855,1.107954+/-0.005107,23.551063+/-0.182108,3.523570+/-0.017408
M48T512,LivestockAndFoodProducts__beef_brl_kg_96_12_12_10events,33,1.269646+/-0.010615,0.788432+/-0.006958,0.826629+/-0.044779,0.615662+/-0.014948
M48T512,LivestockAndFoodProducts__butter_eur_t_96_12_12_10events,34,1.009310+/-0.016291,0.686267+/-0.003513,126308.008704+/-1669.721701,254.381415+/-1.704750
M48T512,LivestockAndFoodProducts__cheese_usd_lbs_96_12_12_10events,35,2.523490+/-0.013116,0.877499+/-0.002444,0.008531+/-0.000069,0.070675+/-0.000267
M48T512,LivestockAndFoodProducts__coffee_usd_lbs_96_12_12_10events,35,1.750782+/-0.011021,0.970408+/-0.002040,943.155708+/-11.757577,25.342264+/-0.080123
M48T512,LivestockAndFoodProducts__corn_usd_bu_96_12_12_10events,34,1.364227+/-0.003073,0.820492+/-0.000205,357.229599+/-1.808972,14.530988+/-0.021807
M48T512,LivestockAndFoodProducts__milk_usd_cwt_96_12_12_10events,36,1.221788+/-0.006862,0.755732+/-0.002097,0.760319+/-0.005405,0.648835+/-0.000594
M48T512,LivestockAndFoodProducts__poultry_brl_kgs_96_12_12_10events,33,2.189279+/-0.008985,1.027712+/-0.001723,0.093012+/-0.000430,0.234186+/-0.000365
M48T512,LivestockAndFoodProducts__salmon_nok_kg_96_12_12_10events,10,1.140267+/-0.024545,0.858761+/-0.010144,42.643706+/-0.866041,5.267055+/-0.060528
M48T512,LivestockAndFoodProducts__soybeans_usd_bu_96_12_12_10events,34,1.406411+/-0.006712,0.935522+/-0.003090,1926.236334+/-13.985166,33.881549+/-0.036893
M48T512,LivestockAndFoodProducts__wool_aud_100kg_96_12_12_10events,34,1.574876+/-0.023650,0.909846+/-0.006918,3864.461052+/-66.900309,42.560367+/-0.387729
M48T512,RawMaterialsAndConstruction__aluminum_usd_t_96_12_12_10events,17,1.515691+/-0.028776,0.922223+/-0.010916,15425.708221+/-236.865191,95.379023+/-1.181991
M48T512,RawMaterialsAndConstruction__copper_usd_lbs_96_12_12_10events,17,1.806511+/-0.012490,0.980082+/-0.006732,0.160045+/-0.001780,0.308235+/-0.002566
M48T512,RawMaterialsAndConstruction__lead_usd_t_96_12_12_10events,18,1.167798+/-0.003448,0.844553+/-0.002319,1355.862973+/-7.277900,28.115547+/-0.122151
M48T512,RawMaterialsAndConstruction__lumber_usd_1000_board_feet_96_12_12_10events,17,0.913572+/-0.005131,0.728936+/-0.003402,1247.642131+/-11.991609,27.636266+/-0.144909
M48T512,RawMaterialsAndConstruction__polyethylene_cny_t_96_12_12_10events,16,3.408189+/-0.059018,1.017838+/-0.006188,136024.006926+/-2563.015090,209.222781+/-1.348696
M48T512,RawMaterialsAndConstruction__polypropylene_cny_t_96_12_12_10events,17,3.607620+/-0.030647,1.115241+/-0.004462,175470.243426+/-4788.742907,218.861967+/-2.028991
M48T512,RawMaterialsAndConstruction__rubber_usd_cents_kg_96_12_12_10events,18,1.813661+/-0.003238,0.965148+/-0.007615,47.488296+/-0.921742,5.567860+/-0.075201
M48T512,RawMaterialsAndConstruction__steel_cny_t_96_12_12_10events,17,0.950933+/-0.005353,0.762700+/-0.001395,4460.290331+/-21.751595,52.228060+/-0.284929
M48T512,RawMaterialsAndConstruction__tin_usd_t_96_12_12_10events,18,1.710042+/-0.038428,1.014206+/-0.010850,8533702.555836+/-337734.546535,2155.107372+/-32.746870
M48T512,RawMaterialsAndConstruction__zinc_usd_t_96_12_12_10events,17,1.326888+/-0.010593,0.899249+/-0.005091,13798.927302+/-159.189190,92.785025+/-0.701970
M48T512,SpecialtyAndAdvancedMaterials__gallium_cny_kg_96_12_12_10events,15,2.342221+/-0.033936,1.029684+/-0.009854,4072.927228+/-63.012440,45.166648+/-0.351489
M48T512,SpecialtyAndAdvancedMaterials__germanium_cny_kg_96_12_12_10events,15,1.225365+/-0.024016,0.852356+/-0.004862,134259.302786+/-4035.656760,265.590130+/-2.312925
M48T512,SpecialtyAndAdvancedMaterials__indium_cny_kg_96_12_12_10events,15,9.092773+/-0.070013,1.191679+/-0.019570,172183.221916+/-5615.290670,225.528198+/-5.120095
M48T512,SpecialtyAndAdvancedMaterials__magnesium_cny_t_96_12_12_10events,15,0.915282+/-0.005620,0.712548+/-0.003198,227797.106398+/-1613.790443,341.750661+/-1.700393
M48T512,SpecialtyAndAdvancedMaterials__molybdenum_cny_kg_96_12_12_10events,14,2.294394+/-0.023985,1.067845+/-0.009793,753.427348+/-6.136953,20.994001+/-0.189239
M48T512,SpecialtyAndAdvancedMaterials__polyvinyl_cny_t_96_12_12_10events,14,2.287034+/-0.011333,0.980624+/-0.006982,67571.251397+/-227.984387,161.213793+/-1.246171
M48T512,SpecialtyAndAdvancedMaterials__tellurium_cny_kg_96_12_12_10events,15,0.846892+/-0.027011,0.635647+/-0.019919,1158.125095+/-41.621538,26.818537+/-0.830855
M48T512,SpecialtyAndAdvancedMaterials__titanium_cny_kg_96_12_12_10events,14,0.687690+/-0.008392,0.604014+/-0.001704,0.679109+/-0.006708,0.624075+/-0.001905
M48T512,StrategicAndHighValueMaterials__cobalt_usd_t_96_12_12_10events,18,11.523243+/-0.067871,1.165764+/-0.012024,8977123.911777+/-316840.796504,2221.378435+/-24.765717
M48T512,StrategicAndHighValueMaterials__gold_usd_t_oz_96_12_12_10events,18,1.867699+/-0.053159,1.009426+/-0.013815,75454.753380+/-1606.796118,206.228335+/-2.262755
M48T512,StrategicAndHighValueMaterials__lithium_cny_t_96_12_12_10events,17,1.855004+/-0.040822,0.930536+/-0.005644,216665970.207665+/-6772850.459751,9591.993764+/-125.894281
M48T512,StrategicAndHighValueMaterials__manganese_cny_mtu_96_12_12_10events,17,3.100649+/-0.039944,1.148019+/-0.005852,0.333622+/-0.003367,0.387328+/-0.002256
M48T512,StrategicAndHighValueMaterials__neodymium_cny_t_96_12_12_10events,17,2.751886+/-0.017165,1.155820+/-0.004184,4469685625.154232+/-29407496.499743,49808.853462+/-215.882034
M48T512,StrategicAndHighValueMaterials__nickel_usd_t_96_12_12_10events,18,3.881450+/-0.042395,1.110662+/-0.007788,481124.280735+/-9571.373811,418.802582+/-6.310874
M48T512,StrategicAndHighValueMaterials__palladium_usd_t_oz_96_12_12_10events,18,2.319908+/-0.021866,1.115665+/-0.005885,26571.084467+/-65.899433,117.168910+/-0.324872
M48T512,StrategicAndHighValueMaterials__platinum_usd_t_oz_96_12_12_10events,19,3.438967+/-0.037303,1.207372+/-0.007131,48560.118032+/-519.701084,151.348740+/-1.011823
M48T512,StrategicAndHighValueMaterials__rhodium_usd_t_oz_96_12_12_10events,18,4.031898+/-0.030264,1.257295+/-0.006216,822085.347511+/-3635.661155,703.848256+/-2.406886
M48T512,StrategicAndHighValueMaterials__silver_usd_t_oz_96_12_12_10events,18,2.000778+/-0.042215,1.115148+/-0.019462,58.920001+/-1.817367,5.624802+/-0.110179
M48T512,arts__art_exhibitions_96_12_4_10events,16,12.302585+/-0.015739,1.833336+/-0.003273,4408.061992+/-22.564974,36.429470+/-0.089306
M48T512,arts__broadway_shows_96_12_4_10events,16,1.746864+/-0.015937,0.827288+/-0.003999,84.349696+/-0.327797,6.367984+/-0.038510
M48T512,arts__comic_con_96_12_4_10events,16,1.321050+/-0.009682,0.731206+/-0.002865,117.973717+/-0.718079,7.254856+/-0.024765
M48T512,arts__esports_96_12_4_10events,16,3.794552+/-0.012909,1.199098+/-0.000986,527.877724+/-1.693256,15.365091+/-0.021495
M48T512,arts__film_festivals_96_12_4_10events,16,4.598493+/-0.015777,1.464063+/-0.005896,824.237493+/-3.700790,18.625286+/-0.076704
M48T512,arts__food_wine_festivals_96_12_4_10events,7,1.237804+/-0.023399,1.029714+/-0.006202,1280.613349+/-24.141550,33.132460+/-0.200437
M48T512,arts__major_league_baseball_96_12_4_10events,16,0.899421+/-0.003409,0.644377+/-0.003183,149.623590+/-0.637923,8.395050+/-0.043230
M48T512,arts__music_festivals_96_12_4_10events,16,0.670502+/-0.004206,0.644832+/-0.003541,163.750452+/-1.051949,10.042184+/-0.059231
M48T512,arts__national_basketball_association_96_12_4_10events,16,1.806534+/-0.007668,0.971542+/-0.001490,838.226980+/-4.253177,21.055221+/-0.038033
M48T512,arts__national_football_league_96_12_4_10events,16,1.507934+/-0.016760,0.743652+/-0.003294,266.243317+/-3.059156,10.616094+/-0.042950
M48T512,climate__deforestation_96_12_4_10events,9,0.872333+/-0.009809,0.770497+/-0.005276,415.187701+/-4.509389,16.814497+/-0.113233
M48T512,climate__drought_96_12_4_10events,9,1.219265+/-0.012781,0.735937+/-0.004565,41.271765+/-0.441760,4.388621+/-0.027267
M48T512,climate__endangered_species_96_12_4_10events,9,1.115262+/-0.007190,0.811211+/-0.001808,473.958697+/-3.098613,16.715444+/-0.036534
M48T512,climate__flooding_96_12_4_10events,9,8.788952+/-0.018105,0.982385+/-0.003137,1782.636773+/-3.675395,16.648501+/-0.094642
M48T512,climate__global_warming_96_12_4_10events,9,0.912066+/-0.011741,0.825774+/-0.005423,189.792092+/-2.503166,11.962397+/-0.080608
M48T512,climate__heatwave_96_12_4_10events,9,1.660621+/-0.022411,0.797602+/-0.010555,126.639172+/-1.913752,7.237524+/-0.103127
M48T512,climate__heavy_rainfall_96_12_4_10events,9,4.799630+/-0.047729,1.611898+/-0.017614,3173.887919+/-49.344633,42.136225+/-0.534589
M48T512,climate__marine_pollution_96_12_4_10events,9,0.941927+/-0.008999,0.734980+/-0.003478,532.375539+/-4.935618,17.443855+/-0.080740
M48T512,climate__sustainable_fashion_96_12_4_10events,9,36.877416+/-0.112971,3.818524+/-0.008919,27359.504068+/-84.572014,89.988463+/-0.221846
M48T512,climate__water_scarcity_96_12_4_10events,9,2.090671+/-0.013981,1.072376+/-0.001624,1204.462318+/-8.036301,25.558477+/-0.037799
M48T512,economy__cost_of_living_96_12_4_10events,9,12.688270+/-0.058624,2.677765+/-0.005863,1389.430475+/-6.369904,27.947410+/-0.069791
M48T512,economy__federal_budget_deficit_96_12_4_10events,9,1.173447+/-0.017001,0.861059+/-0.008173,541.672152+/-7.939141,18.537478+/-0.176505
M48T512,economy__government_spending_96_12_4_10events,9,1.123393+/-0.006283,0.878612+/-0.002476,442.831423+/-2.613175,17.433420+/-0.050853
M48T512,economy__healthcare_costs_96_12_4_10events,9,4.663223+/-0.077676,1.760273+/-0.015985,2017.839688+/-24.139959,36.492123+/-0.290521
M48T512,economy__inflation_96_12_4_10events,9,3.430935+/-0.007008,1.469904+/-0.000953,103.225539+/-0.070694,8.005664+/-0.001659
M48T512,economy__international_trade_96_12_4_10events,9,4.627420+/-0.020880,1.602470+/-0.000702,1105.235531+/-6.332971,24.388373+/-0.022789
M48T512,economy__minimum_wage_96_12_4_10events,9,1.229176+/-0.001684,0.643619+/-0.002203,85.480223+/-0.221994,5.633924+/-0.019620
M48T512,economy__student_loans_96_12_4_10events,9,0.481058+/-0.010069,0.550018+/-0.009786,2.975610+/-0.065234,1.361631+/-0.024472
M48T512,economy__taxes_96_12_4_10events,9,0.399493+/-0.008258,0.414051+/-0.003809,132.080793+/-2.689151,7.609703+/-0.068882
M48T512,economy__unemployment_rate_96_12_4_10events,9,4.614805+/-0.049933,1.517324+/-0.007977,1173.108633+/-14.182705,23.979587+/-0.132697
M48T512,electronic_technology__alphabet_96_12_4_10events,9,1.420659+/-0.011110,0.957553+/-0.005263,119.665727+/-0.993318,8.773667+/-0.049097
M48T512,electronic_technology__amazon_96_12_4_10events,9,0.823539+/-0.010713,0.730706+/-0.005984,50.456568+/-1.156578,5.687892+/-0.055813
M48T512,electronic_technology__apple_inc_96_12_4_10events,9,19.638602+/-0.104013,2.704186+/-0.017458,5688.829223+/-25.436307,39.964928+/-0.239904
M48T512,electronic_technology__artificial_intelligence_96_12_4_10events,9,26.158861+/-0.114496,3.235166+/-0.029689,3622.135796+/-36.978933,43.140883+/-0.602681
M48T512,electronic_technology__consumer_electronics_96_12_4_10events,9,19.289189+/-0.116027,3.192491+/-0.019571,5956.848832+/-86.354492,62.452603+/-0.597493
M48T512,electronic_technology__drones_96_12_4_10events,9,0.031134+/-0.003254,0.125080+/-0.005008,5.022014+/-0.525839,1.589968+/-0.063738
M48T512,electronic_technology__meta_platforms_96_12_4_10events,9,26.022797+/-0.046265,2.619310+/-0.003155,6235.610619+/-24.768536,55.248014+/-0.085197
M48T512,electronic_technology__microsoft_96_12_4_10events,9,1.212813+/-0.017970,0.871638+/-0.005602,52.781766+/-0.791173,5.731654+/-0.036935
M48T512,electronic_technology__nvidia_96_12_4_10events,9,1.026986+/-0.010375,0.666929+/-0.004405,152.936020+/-1.595320,8.269535+/-0.055800
M48T512,electronic_technology__robotics_96_12_4_10events,9,5.950775+/-0.057374,2.091000+/-0.012182,1147.057430+/-12.534619,28.066629+/-0.170201
M48T512,finance__asset_management_96_12_4_10events,9,4.279265+/-0.027353,1.633064+/-0.005909,576.590008+/-3.631834,19.462429+/-0.071736
M48T512,finance__cryptocurrency_96_12_4_10events,9,17.183260+/-0.083070,2.032274+/-0.012468,913.904999+/-5.545837,18.380971+/-0.127107
M48T512,finance__financial_regulation_96_12_4_10events,9,14.848269+/-0.077194,3.158558+/-0.011505,8808.996183+/-105.651715,73.699366+/-0.455098
M48T512,finance__goldman_sachs_96_12_4_10events,9,9.088664+/-0.021789,1.828265+/-0.001373,473.899248+/-0.301397,12.860710+/-0.012044
M48T512,finance__hedge_funds_96_12_4_10events,9,3.226387+/-0.024978,1.424906+/-0.009511,415.006793+/-2.274206,15.652084+/-0.090533
M48T512,finance__investment_banking_96_12_4_10events,9,5.298114+/-0.012835,1.907214+/-0.004220,826.833048+/-3.385950,23.598814+/-0.067943
M48T512,finance__mortgage_rates_96_12_4_10events,9,1.508196+/-0.008371,0.763124+/-0.005243,167.345042+/-0.947339,8.170647+/-0.056625
M48T512,finance__private_equity_96_12_4_10events,9,7.392868+/-0.052748,2.136755+/-0.015456,996.583716+/-10.129830,25.570492+/-0.211587
M48T512,finance__stock_market_96_12_4_10events,9,0.312229+/-0.014663,0.419462+/-0.007891,46.661200+/-2.186132,5.122576+/-0.096046
M48T512,finance__venture_capital_96_12_4_10events,9,7.136486+/-0.051474,2.100024+/-0.012836,787.668157+/-12.280366,22.348205+/-0.184977
M48T512,pets__animal_migration_96_12_4_10events,9,2.807113+/-0.026248,1.190287+/-0.003094,666.467823+/-6.239597,18.300251+/-0.046926
M48T512,pets__animal_rescue_96_12_4_10events,9,2.582745+/-0.022256,1.264687+/-0.006234,49.100663+/-0.436524,5.528951+/-0.027583
M48T512,pets__animal_welfare_96_12_4_10events,9,11.115390+/-0.136621,2.376340+/-0.016084,878.954768+/-12.207786,20.223570+/-0.149407
M48T512,pets__beekeeping_96_12_4_10events,9,1.363591+/-0.017836,0.735194+/-0.004684,91.903264+/-1.191880,6.027705+/-0.038069
M48T512,pets__biodiversity_96_12_4_10events,9,1.102346+/-0.013568,0.884332+/-0.005226,700.310461+/-7.918254,22.259783+/-0.126395
M48T512,pets__invasive_species_96_12_4_10events,9,0.852427+/-0.007025,0.760699+/-0.004342,334.752719+/-2.633592,15.082966+/-0.085053
M48T512,pets__marine_life_96_12_4_10events,9,3.458419+/-0.010170,1.271709+/-0.010757,597.495010+/-1.950194,16.666139+/-0.139506
M48T512,pets__pest_control_96_12_4_10events,9,1.376060+/-0.030436,0.895052+/-0.008473,381.480958+/-6.976617,15.948280+/-0.137954
M48T512,pets__pet_adoption_96_12_4_10events,9,6.756791+/-0.046366,1.408011+/-0.009038,209.056187+/-2.028372,8.492661+/-0.060355
M48T512,pets__pet_health_96_12_4_10events,9,24.874575+/-0.300143,3.701602+/-0.023081,5582.179737+/-52.815376,60.123589+/-0.303709
M48T512,public_health__air_pollution_96_12_4_10events,9,0.824409+/-0.007817,0.733862+/-0.003493,57.635793+/-0.543791,6.129347+/-0.029164
M48T512,public_health__climate_change_96_12_4_10events,9,0.033410+/-0.001221,0.144254+/-0.000900,1.941688+/-0.070797,1.099776+/-0.006824
M48T512,public_health__diabetes_96_12_4_10events,9,2.823828+/-0.009740,1.283237+/-0.007361,106.076150+/-0.299882,7.908147+/-0.044456
M48T512,public_health__drug_overdose_96_12_4_10events,9,4.300785+/-0.055639,1.595038+/-0.007579,127.594557+/-2.004130,8.578364+/-0.046890
M48T512,public_health__food_safety_96_12_4_10events,9,9.563106+/-0.137090,2.667835+/-0.021075,2545.964269+/-23.053716,40.832761+/-0.262763
M48T512,public_health__hiv_aids_96_12_4_10events,9,1.327423+/-0.009237,0.864002+/-0.003765,57.855854+/-0.443635,5.745060+/-0.026002
M48T512,public_health__infectious_disease_96_12_4_10events,9,1.540997+/-0.015964,0.921569+/-0.010680,152.765209+/-1.593865,9.176054+/-0.106924
M48T512,public_health__mental_health_96_12_4_10events,9,2.538623+/-0.027071,1.238904+/-0.005183,288.625440+/-3.234616,13.162327+/-0.057183
M48T512,public_health__obesity_96_12_4_10events,9,8.149276+/-0.022588,1.956352+/-0.003777,1060.429500+/-2.778163,21.505983+/-0.039448
M48T512,public_health__opioid_crisis_96_12_4_10events,9,1.646902+/-0.009939,1.019261+/-0.004521,298.125983+/-1.762230,13.787894+/-0.062109
M48T512,public_policy__carbon_emissions_96_12_4_10events,9,1.188198+/-0.013142,0.865249+/-0.006283,230.938446+/-2.644849,12.271520+/-0.090116
M48T512,public_policy__federal_reserve_96_12_4_10events,9,7.059460+/-0.041327,1.732027+/-0.011490,1665.532420+/-17.280031,27.702408+/-0.246589
M48T512,public_policy__healthcare_policy_96_12_4_10events,9,10.906675+/-0.073693,2.708844+/-0.013640,3593.360724+/-56.693898,49.643278+/-0.395956
M48T512,public_policy__human_rights_96_12_4_10events,9,5.981783+/-0.037907,1.658928+/-0.001245,942.135462+/-7.150970,20.369685+/-0.021434
M48T512,public_policy__immigration_reform_96_12_4_10events,9,2.023401+/-0.017240,0.942050+/-0.000712,345.803457+/-2.718990,12.562847+/-0.005542
M48T512,public_policy__national_debt_96_12_4_10events,9,1.291593+/-0.016642,0.959685+/-0.008128,186.548972+/-2.411292,11.531244+/-0.098515
M48T512,public_policy__presidential_election_96_12_4_10events,9,0.009642+/-0.002095,0.069093+/-0.002903,0.989308+/-0.215191,0.699896+/-0.029426
M48T512,public_policy__refugee_support_96_12_4_10events,9,7.697364+/-0.067834,2.064444+/-0.006722,3818.228165+/-37.912323,44.367474+/-0.164898
M48T512,public_policy__renewable_energy_96_12_4_10events,9,2.586231+/-0.041643,1.220026+/-0.005571,942.098363+/-17.001382,23.147770+/-0.115113
M48T512,public_policy__space_exploration_96_12_4_10events,9,2.322634+/-0.013847,1.071648+/-0.006891,944.246172+/-5.572587,21.335799+/-0.133719
M48T512,public_policy__wildlife_conservation_96_12_4_10events,9,5.857786+/-0.084094,1.653120+/-0.010108,932.771726+/-14.330460,20.237059+/-0.126065
M48T512,science__cancer_research_96_12_4_10events,9,1.609274+/-0.031096,1.032620+/-0.012920,278.124081+/-5.322498,13.395332+/-0.171119
M48T512,science__data_breach_96_12_4_10events,9,1.667654+/-0.007279,0.934210+/-0.004878,350.157488+/-2.230003,13.743176+/-0.078553
M48T512,science__earthquake_96_12_4_10events,9,0.487297+/-0.010851,0.429621+/-0.007920,63.633288+/-1.427003,4.958339+/-0.092296
M48T512,science__food_recall_96_12_4_10events,9,0.662692+/-0.004971,0.610987+/-0.003484,78.751628+/-0.713918,7.136778+/-0.054704
M48T512,science__gene_editing_96_12_4_10events,9,2.848369+/-0.024275,1.289751+/-0.008678,536.588630+/-5.539961,17.923453+/-0.131274
M48T512,science__meteor_shower_96_12_4_10events,9,1.486027+/-0.002967,0.590608+/-0.004167,156.520593+/-0.325210,6.341968+/-0.049637
M48T512,science__nobel_prize_96_12_4_10events,9,39.829115+/-0.061302,1.941241+/-0.008525,6095.177438+/-20.493093,29.993140+/-0.146646
M48T512,science__quantum_computing_96_12_4_10events,9,9.269151+/-0.024047,1.735877+/-0.000929,5807.688824+/-19.908878,38.689430+/-0.039665
M48T512,science__vaccine_research_96_12_4_10events,9,13.452838+/-0.037782,2.737702+/-0.001594,3236.056460+/-11.637142,46.287494+/-0.033936
M48T512,science__volcanic_eruption_96_12_4_10events,9,1.412452+/-0.006348,0.849000+/-0.003945,50.482612+/-0.239872,5.186500+/-0.024389
M48T512,shopping__air_conditioner_96_12_4_10events,9,0.605498+/-0.013769,0.408756+/-0.007453,198.577915+/-4.397911,7.597112+/-0.139342
M48T512,shopping__back_to_school_96_12_4_10events,9,1.103200+/-0.001384,0.636999+/-0.003126,473.622004+/-1.000624,13.493376+/-0.069217
M48T512,shopping__black_friday_deals_96_12_4_10events,9,2.008328+/-0.014899,0.477988+/-0.004296,239.747576+/-2.384772,5.695097+/-0.060923
M48T512,shopping__christmas_gifts_96_12_4_10events,9,2.218586+/-0.021315,0.907253+/-0.010134,905.897020+/-11.247075,19.309678+/-0.242851
M48T512,shopping__fashion_week_96_12_4_10events,9,2.239043+/-0.007236,1.022043+/-0.002368,485.729521+/-1.881208,15.420734+/-0.039091
M48T512,shopping__flu_shot_96_12_4_10events,9,1.502145+/-0.015950,0.870963+/-0.005171,423.211055+/-4.437898,14.750138+/-0.074426
M48T512,shopping__halloween_costumes_96_12_4_10events,9,2.059936+/-0.020322,0.866859+/-0.009574,390.471843+/-4.415371,12.742276+/-0.143241
M48T512,shopping__organic_food_96_12_4_10events,9,1.882958+/-0.026868,1.037785+/-0.008037,160.196993+/-2.269015,9.577026+/-0.073857
M48T512,shopping__ski_gear_96_12_4_10events,9,1.233052+/-0.017978,0.738307+/-0.005405,674.849179+/-10.278246,17.369900+/-0.129577
M48T512,shopping__tax_software_96_12_4_10events,9,4.241334+/-0.013495,1.614981+/-0.003206,3611.673145+/-20.917939,46.031485+/-0.132084
M48T512,society__affordable_housing_96_12_4_10events,9,2.043437+/-0.025100,1.161359+/-0.006485,108.900616+/-1.341734,8.484595+/-0.047538
M48T512,society__cybersecurity_96_12_4_10events,9,11.029159+/-0.088890,2.392492+/-0.004004,1068.219897+/-5.788514,27.976206+/-0.159419
M48T512,society__data_privacy_96_12_4_10events,9,12.841174+/-0.132078,2.902950+/-0.023617,5597.465611+/-152.174452,60.376567+/-0.777930
M48T512,society__domestic_violence_96_12_4_10events,9,3.401076+/-0.014910,1.543591+/-0.006462,301.196893+/-2.022079,14.728215+/-0.073143
M48T512,society__gender_equality_96_12_4_10events,9,4.113660+/-0.045256,1.428883+/-0.006012,1600.102571+/-18.513108,27.827510+/-0.119045
M48T512,society__homelessness_96_12_4_10events,9,2.700179+/-0.016858,1.247298+/-0.004277,365.280159+/-2.236616,14.453734+/-0.049464
M48T512,society__income_inequality_96_12_4_10events,9,2.612537+/-0.021006,1.209902+/-0.002362,1111.210568+/-10.499053,24.980480+/-0.053567
M48T512,society__infrastructure_spending_96_12_4_10events,9,12.395724+/-0.031861,2.573127+/-0.005121,12635.749194+/-156.360774,85.810319+/-0.356822
M48T512,society__protest_96_12_4_10events,9,13.784447+/-0.016898,1.140673+/-0.007236,320.255843+/-0.805059,7.958699+/-0.075696
M48T512,society__wildfires_96_12_4_10events,9,0.191249+/-0.004738,0.310193+/-0.003991,9.467592+/-0.234947,2.175024+/-0.027673
M48T512,traffic__air_travel_96_12_4_10events,9,11.266129+/-0.027248,2.657673+/-0.015711,2079.702926+/-21.177404,37.198602+/-0.285191
M48T512,traffic__autonomous_driving_96_12_4_10events,9,18.632466+/-0.058305,3.295721+/-0.009392,3889.706340+/-23.624701,51.812307+/-0.104897
M48T512,traffic__electric_vehicle_96_12_4_10events,9,15.005591+/-0.055933,2.435543+/-0.005609,732.798313+/-5.247460,20.367608+/-0.045755
M48T512,traffic__formula_1_96_12_4_10events,9,1.927506+/-0.020453,1.041473+/-0.005170,424.425017+/-4.766386,15.731841+/-0.089614
M48T512,traffic__gas_prices_96_12_4_10events,9,15.914054+/-0.010126,1.162726+/-0.003697,12.622598+/-0.006773,1.098299+/-0.003629
M48T512,traffic__rocket_launch_96_12_4_10events,9,0.626399+/-0.005663,0.618692+/-0.000403,38.247832+/-0.366149,4.831688+/-0.003147
M48T512,traffic__tesla_96_12_4_10events,9,0.444294+/-0.015947,0.500565+/-0.004892,59.584943+/-2.174779,5.779288+/-0.056695
M48T512,traffic__tour_de_france_96_12_4_10events,9,2.886895+/-0.003724,0.809679+/-0.009222,640.467112+/-0.211276,12.968805+/-0.163035
M48T512,traffic__traffic_insurance_96_12_4_10events,9,11.602981+/-0.198088,2.701172+/-0.022298,2648.431695+/-43.130071,42.730518+/-0.347275
M48T512,traffic__used_car_96_12_4_10events,9,4.104987+/-0.001948,1.538057+/-0.001216,170.068023+/-0.553913,9.717990+/-0.003628
